id,page,score,match_x,match_y,crop_x0,crop_y0,crop_x1,crop_y1
COMP-0001,comp-1-97-ans-p002.jpg,0.9985408186912537,50,289,35,234,482,408
COMP-0002,comp-1-97-ans-p002.jpg,0.9985936880111694,50,436,35,381,482,741
COMP-0003,comp-1-97-ans-p002.jpg,0.9990473389625549,50,769,35,714,482,887
COMP-0004,comp-1-97-ans-p002.jpg,0.9989184737205505,50,915,35,860,482,997
COMP-0005,comp-1-97-ans-p002.jpg,0.9990510940551758,50,1025,35,970,482,1105
COMP-0006,comp-1-97-ans-p002.jpg,0.999217689037323,50,1133,35,1078,482,1141
COMP-0007,comp-1-97-ans-p002.jpg,0.999099612236023,50,1169,35,1114,482,1240
COMP-0008,comp-1-97-ans-p002.jpg,0.9991323947906494,425,290,427,235,875,299
COMP-0009,comp-1-97-ans-p002.jpg,0.9988495111465454,425,327,427,272,875,408
COMP-0010,comp-1-97-ans-p002.jpg,0.9990242719650269,425,436,427,381,875,445
COMP-0011,comp-1-97-ans-p002.jpg,0.9991338849067688,425,473,427,418,875,482
COMP-0012,comp-1-97-ans-p002.jpg,0.9989621043205261,425,510,427,455,875,517
COMP-0013,comp-1-97-ans-p002.jpg,0.9988077878952026,425,545,427,490,875,665
COMP-0014,comp-1-97-ans-p002.jpg,0.9988359212875366,425,693,427,638,875,775
COMP-0015,comp-1-97-ans-p002.jpg,0.9990834593772888,425,803,427,748,875,811
COMP-0016,comp-1-97-ans-p002.jpg,0.9988727569580078,425,839,427,784,875,956
COMP-0017,comp-1-97-ans-p002.jpg,0.9993442893028259,425,984,427,929,875,991
COMP-0018,comp-1-97-ans-p002.jpg,0.9987597465515137,425,1019,427,964,875,1173
COMP-0019,comp-1-97-ans-p002.jpg,0.9992504119873047,427,1201,427,1146,875,1240
COMP-0020,comp-1-97-ans-p003.jpg,0.9986105561256409,50,65,35,10,482,142
COMP-0021,comp-1-97-ans-p003.jpg,0.9983790516853333,50,170,35,115,482,249
COMP-0022,comp-1-97-ans-p003.jpg,0.9983788132667542,50,277,35,222,482,532
COMP-0023,comp-1-97-ans-p003.jpg,0.9988211393356323,50,560,35,505,482,637
COMP-0024,comp-1-97-ans-p003.jpg,0.9988427758216858,50,665,35,610,482,741
COMP-0025,comp-1-97-ans-p003.jpg,0.9990664720535278,50,769,35,714,482,775
COMP-0026,comp-1-97-ans-p003.jpg,0.9990081787109375,50,803,35,748,482,810
COMP-0027,comp-1-97-ans-p003.jpg,0.9988431334495544,50,838,35,783,482,915
COMP-0028,comp-1-97-ans-p003.jpg,0.99872225522995,50,943,35,888,482,1053
COMP-0029,comp-1-97-ans-p003.jpg,0.9988563060760498,50,1081,35,1026,482,1158
COMP-0030,comp-1-97-ans-p003.jpg,0.9992908835411072,50,1186,35,1131,482,1240
COMP-0031,comp-1-97-ans-p003.jpg,0.9983635544776917,463,137,427,82,875,319
COMP-0032,comp-1-97-ans-p003.jpg,0.9983489513397217,461,347,427,292,875,565
COMP-0033,comp-1-97-ans-p003.jpg,0.9986324310302734,463,593,427,538,875,812
COMP-0034,comp-1-97-ans-p003.jpg,0.9990758299827576,463,840,427,785,875,880
COMP-0035,comp-1-97-ans-p003.jpg,0.9986473321914673,463,908,427,853,875,986
COMP-0036,comp-1-97-ans-p003.jpg,0.9986148476600647,460,1014,427,959,875,1163
COMP-0037,comp-1-97-ans-p003.jpg,0.9990730881690979,463,1191,427,1136,875,1240
COMP-0038,comp-1-97-ans-p004.jpg,0.9982094168663025,50,65,35,10,482,319
COMP-0039,comp-1-97-ans-p004.jpg,0.9985455274581909,50,347,35,292,482,424
COMP-0040,comp-1-97-ans-p004.jpg,0.9985033869743347,50,452,35,397,482,565
COMP-0041,comp-1-97-ans-p004.jpg,0.99880450963974,50,593,35,538,482,741
COMP-0042,comp-1-97-ans-p004.jpg,0.9988476634025574,50,769,35,714,482,882
COMP-0043,comp-1-97-ans-p004.jpg,0.9987668395042419,50,910,35,855,482,1055
COMP-0044,comp-1-97-ans-p004.jpg,0.9987314939498901,50,1083,35,1028,482,1240
COMP-0045,comp-1-97-ans-p004.jpg,0.998347282409668,425,171,427,116,875,424
COMP-0046,comp-1-97-ans-p004.jpg,0.998478353023529,425,452,427,397,875,741
COMP-0047,comp-1-97-ans-p004.jpg,0.9987926483154297,425,769,427,714,875,845
COMP-0048,comp-1-97-ans-p004.jpg,0.9989414215087891,425,873,427,818,875,1240
COMP-0049,comp-1-97-ans-p005.jpg,0.9987382888793945,50,64,35,9,482,176
COMP-0050,comp-1-97-ans-p005.jpg,0.9985059499740601,50,204,35,149,482,389
COMP-0051,comp-1-97-ans-p005.jpg,0.9987483024597168,50,417,35,362,482,493
COMP-0052,comp-1-97-ans-p005.jpg,0.9991452693939209,50,521,35,466,482,565
COMP-0053,comp-1-97-ans-p005.jpg,0.9989047646522522,50,593,35,538,482,669
COMP-0054,comp-1-97-ans-p005.jpg,0.9988121390342712,50,697,35,642,482,879
COMP-0055,comp-1-97-ans-p005.jpg,0.9991214871406555,50,907,35,852,482,915
COMP-0056,comp-1-97-ans-p005.jpg,0.998817503452301,50,943,35,888,482,1127
COMP-0057,comp-1-97-ans-p005.jpg,0.999164879322052,50,1155,35,1100,482,1162
COMP-0058,comp-1-97-ans-p005.jpg,0.9992697834968567,50,1190,35,1135,482,1240
COMP-0059,comp-1-97-ans-p005.jpg,0.9986705780029297,463,169,427,114,875,281
COMP-0060,comp-1-97-ans-p005.jpg,0.9987080097198486,466,309,427,254,875,387
COMP-0061,comp-1-97-ans-p005.jpg,0.9987026453018188,466,415,427,360,875,597
COMP-0062,comp-1-97-ans-p005.jpg,0.9989305138587952,464,625,427,570,875,739
COMP-0063,comp-1-97-ans-p005.jpg,0.9987859725952148,465,767,427,712,875,915
COMP-0064,comp-1-97-ans-p005.jpg,0.9988999962806702,465,943,427,888,875,1058
COMP-0065,comp-1-97-ans-p005.jpg,0.9989042282104492,465,1086,427,1031,875,1166
COMP-0066,comp-1-97-ans-p005.jpg,0.9991681575775146,464,1194,427,1139,875,1240
COMP-0067,comp-1-97-ans-p006.jpg,0.9983270764350891,50,116,35,61,482,264
COMP-0068,comp-1-97-ans-p006.jpg,0.9987211227416992,50,292,35,237,482,333
COMP-0069,comp-1-97-ans-p006.jpg,0.9986818432807922,50,361,35,306,482,474
COMP-0070,comp-1-97-ans-p006.jpg,0.9988549947738647,50,502,35,447,482,580
COMP-0071,comp-1-97-ans-p006.jpg,0.9990960359573364,50,608,35,553,482,685
COMP-0072,comp-1-97-ans-p006.jpg,0.9989709854125977,50,713,35,658,482,789
COMP-0073,comp-1-97-ans-p006.jpg,0.9988363981246948,50,817,35,762,482,965
COMP-0074,comp-1-97-ans-p006.jpg,0.9990324378013611,50,993,35,938,482,1033
COMP-0075,comp-1-97-ans-p006.jpg,0.9987748861312866,50,1061,35,1006,482,1240
COMP-0076,comp-1-97-ans-p006.jpg,0.9986625909805298,431,325,427,270,875,437
COMP-0077,comp-1-97-ans-p006.jpg,0.9991210699081421,429,465,427,410,875,471
COMP-0078,comp-1-97-ans-p006.jpg,0.9986730217933655,429,499,427,444,875,613
COMP-0079,comp-1-97-ans-p006.jpg,0.998796284198761,430,641,427,586,875,787
COMP-0080,comp-1-97-ans-p006.jpg,0.9992194175720215,431,815,427,760,875,822
COMP-0081,comp-1-97-ans-p006.jpg,0.9992261528968811,431,850,427,795,875,857
COMP-0082,comp-1-97-ans-p006.jpg,0.9990654587745667,431,885,427,830,875,891
COMP-0083,comp-1-97-ans-p006.jpg,0.9991841316223145,431,919,427,864,875,925
COMP-0084,comp-1-97-ans-p006.jpg,0.9993289113044739,431,953,427,898,875,961
COMP-0085,comp-1-97-ans-p006.jpg,0.9987820982933044,433,989,427,934,875,1066
COMP-0086,comp-1-97-ans-p006.jpg,0.9990764856338501,431,1094,427,1039,875,1101
COMP-0087,comp-1-97-ans-p006.jpg,0.999275267124176,432,1129,427,1074,875,1135
COMP-0088,comp-1-97-ans-p006.jpg,0.9992315173149109,432,1163,427,1108,875,1168
COMP-0089,comp-1-97-ans-p006.jpg,0.9992132782936096,433,1194,427,1139,875,1240
COMP-0090,comp-1-97-ans-p007.jpg,0.9985620379447937,483,73,427,18,875,80
COMP-0091,comp-1-97-ans-p007.jpg,0.9979501962661743,484,108,427,53,875,373
COMP-0092,comp-1-97-ans-p007.jpg,0.9993845820426941,483,401,427,346,875,497
COMP-0093,comp-1-97-ans-p007.jpg,0.998353898525238,483,525,427,470,875,853
COMP-0094,comp-1-97-ans-p007.jpg,0.9990741610527039,482,881,427,826,875,886
COMP-0095,comp-1-97-ans-p007.jpg,0.9987002015113831,425,913,427,858,875,918
COMP-0096,comp-1-97-ans-p007.jpg,0.9984188675880432,425,939,427,884,875,1240
COMP-0097,comp-1-97-ans-p008.jpg,0.9983799457550049,50,297,35,242,482,445
COMP-0098,comp-1-97-ans-p008.jpg,0.9986677169799805,50,473,35,418,482,554
COMP-0099,comp-1-97-ans-p008.jpg,0.9985082149505615,50,582,35,527,482,770
COMP-0100,comp-1-97-ans-p008.jpg,0.9986442923545837,50,798,35,743,482,912
COMP-0101,comp-1-97-ans-p008.jpg,0.9990462064743042,50,940,35,885,482,949
COMP-0102,comp-1-97-ans-p008.jpg,0.9987592101097107,50,977,35,922,482,1128
COMP-0103,comp-1-97-ans-p008.jpg,0.9991052746772766,50,1156,35,1101,482,1240
COMP-0104,comp-1-97-ans-p008.jpg,0.9989466667175293,425,92,427,37,875,304
COMP-0105,comp-1-97-ans-p008.jpg,0.9986280798912048,425,332,427,277,875,413
COMP-0106,comp-1-97-ans-p008.jpg,0.998679518699646,425,441,427,386,875,591
COMP-0107,comp-1-97-ans-p008.jpg,0.99845951795578,425,619,427,564,875,989
COMP-0108,comp-1-97-ans-p008.jpg,0.9988284111022949,426,1017,427,962,875,1098
COMP-0109,comp-1-97-ans-p008.jpg,0.998988151550293,426,1126,427,1071,875,1240
COMP-0110,comp-1-97-ans-p009.jpg,0.9986483454704285,50,108,35,53,482,117
COMP-0111,comp-1-97-ans-p009.jpg,0.9987021684646606,50,145,35,90,482,151
COMP-0112,comp-1-97-ans-p009.jpg,0.9984623789787292,50,179,35,124,482,189
COMP-0113,comp-1-97-ans-p009.jpg,0.9987254738807678,50,217,35,162,482,224
COMP-0114,comp-1-97-ans-p009.jpg,0.9986578822135925,50,252,35,197,482,261
COMP-0115,comp-1-97-ans-p009.jpg,0.998598575592041,50,289,35,234,482,367
COMP-0116,comp-1-97-ans-p009.jpg,0.998822808265686,50,395,35,340,482,475
COMP-0117,comp-1-97-ans-p009.jpg,0.9990420341491699,50,503,35,448,482,510
COMP-0118,comp-1-97-ans-p009.jpg,0.9988054037094116,50,538,35,483,482,653
COMP-0119,comp-1-97-ans-p009.jpg,0.998884379863739,50,681,35,626,482,757
COMP-0120,comp-1-97-ans-p009.jpg,0.9988719820976257,50,785,35,730,482,936
COMP-0121,comp-1-97-ans-p009.jpg,0.9987781643867493,50,964,35,909,482,1111
COMP-0122,comp-1-97-ans-p009.jpg,0.9991541504859924,50,1139,35,1084,482,1145
COMP-0123,comp-1-97-ans-p009.jpg,0.9993429183959961,50,1173,35,1118,482,1240
COMP-0124,comp-1-97-ans-p009.jpg,0.9986949563026428,479,71,427,16,875,78
COMP-0125,comp-1-97-ans-p009.jpg,0.9982813596725464,479,106,427,51,875,261
COMP-0126,comp-1-97-ans-p009.jpg,0.9986315369606018,479,289,427,234,875,405
COMP-0127,comp-1-97-ans-p009.jpg,0.9986245632171631,477,433,427,378,875,619
COMP-0128,comp-1-97-ans-p009.jpg,0.9987189173698425,476,647,427,592,875,797
COMP-0129,comp-1-97-ans-p009.jpg,0.9987910985946655,475,825,427,770,875,904
COMP-0130,comp-1-97-ans-p009.jpg,0.9988453984260559,475,932,427,877,875,1011
COMP-0131,comp-1-97-ans-p009.jpg,0.9987764358520508,474,1039,427,984,875,1240
COMP-0132,comp-1-97-ans-p010.jpg,0.998322069644928,50,141,35,86,482,258
COMP-0133,comp-1-97-ans-p010.jpg,0.9984004497528076,50,286,35,231,482,474
COMP-0134,comp-1-97-ans-p010.jpg,0.9987196922302246,50,502,35,447,482,621
COMP-0135,comp-1-97-ans-p010.jpg,0.9991869926452637,50,649,35,594,482,655
COMP-0136,comp-1-97-ans-p010.jpg,0.9989505410194397,50,683,35,628,482,765
COMP-0137,comp-1-97-ans-p010.jpg,0.9991581439971924,50,793,35,738,482,800
COMP-0138,comp-1-97-ans-p010.jpg,0.9991116523742676,50,828,35,773,482,837
COMP-0139,comp-1-97-ans-p010.jpg,0.9990789890289307,50,865,35,810,482,909
COMP-0140,comp-1-97-ans-p010.jpg,0.9990257024765015,50,937,35,882,482,1053
COMP-0141,comp-1-97-ans-p010.jpg,0.9990252256393433,50,1081,35,1026,482,1240
COMP-0142,comp-1-97-ans-p010.jpg,0.9985512495040894,425,139,427,84,875,291
COMP-0143,comp-1-97-ans-p010.jpg,0.9987265467643738,425,319,427,264,875,473
COMP-0144,comp-1-97-ans-p010.jpg,0.9986478686332703,425,501,427,446,875,727
COMP-0145,comp-1-97-ans-p010.jpg,0.9988380074501038,425,755,427,700,875,981
COMP-0146,comp-1-97-ans-p010.jpg,0.9989477396011353,425,1009,427,954,875,1240
COMP-0147,comp-1-97-ans-p011.jpg,0.9987313747406006,50,175,35,120,482,182
COMP-0148,comp-1-97-ans-p011.jpg,0.9984869956970215,50,210,35,155,482,329
COMP-0149,comp-1-97-ans-p011.jpg,0.9984840154647827,50,357,35,302,482,656
COMP-0150,comp-1-97-ans-p011.jpg,0.9987106919288635,50,684,35,629,482,801
COMP-0151,comp-1-97-ans-p011.jpg,0.9987091422080994,50,829,35,774,482,981
COMP-0152,comp-1-97-ans-p011.jpg,0.9987825155258179,50,1009,35,954,482,1160
COMP-0153,comp-1-97-ans-p011.jpg,0.9991824626922607,50,1188,35,1133,482,1240
COMP-0154,comp-1-97-ans-p011.jpg,0.9983724355697632,483,102,427,47,875,218
COMP-0155,comp-1-97-ans-p011.jpg,0.9984143376350403,482,246,427,191,875,439
COMP-0156,comp-1-97-ans-p011.jpg,0.9990232586860657,482,467,427,412,875,475
COMP-0157,comp-1-97-ans-p011.jpg,0.9987306594848633,481,503,427,448,875,621
COMP-0158,comp-1-97-ans-p011.jpg,0.9990831017494202,481,649,427,594,875,655
COMP-0159,comp-1-97-ans-p011.jpg,0.9989990592002869,480,683,427,628,875,693
COMP-0160,comp-1-97-ans-p011.jpg,0.9988132119178772,480,721,427,666,875,909
COMP-0161,comp-1-97-ans-p011.jpg,0.9988390207290649,479,937,427,882,875,1017
COMP-0162,comp-1-97-ans-p011.jpg,0.9990573525428772,479,1045,427,990,875,1053
COMP-0163,comp-1-97-ans-p011.jpg,0.9987725019454956,479,1081,427,1026,875,1240
COMP-0164,comp-1-97-ans-p012.jpg,0.9985630512237549,50,108,35,53,482,187
COMP-0165,comp-1-97-ans-p012.jpg,0.9986531138420105,50,215,35,160,482,332
COMP-0166,comp-1-97-ans-p012.jpg,0.9991229772567749,50,360,35,305,482,440
COMP-0167,comp-1-97-ans-p012.jpg,0.9989359974861145,50,468,35,413,482,477
COMP-0168,comp-1-97-ans-p012.jpg,0.9986993670463562,50,505,35,450,482,619
COMP-0169,comp-1-97-ans-p012.jpg,0.9991239309310913,50,647,35,592,482,655
COMP-0170,comp-1-97-ans-p012.jpg,0.9986412525177002,50,683,35,628,482,870
COMP-0171,comp-1-97-ans-p012.jpg,0.9986968636512756,50,898,35,843,482,1053
COMP-0172,comp-1-97-ans-p012.jpg,0.9988933801651001,50,1081,35,1026,482,1240
COMP-0173,comp-1-97-ans-p012.jpg,0.9987483024597168,425,71,427,16,875,187
COMP-0174,comp-1-97-ans-p012.jpg,0.998827338218689,425,215,427,160,875,294
COMP-0175,comp-1-97-ans-p012.jpg,0.9990971088409424,425,322,427,267,875,329
COMP-0176,comp-1-97-ans-p012.jpg,0.9986915588378906,425,357,427,302,875,437
COMP-0177,comp-1-97-ans-p012.jpg,0.9996587038040161,425,465,427,410,875,545
COMP-0178,comp-1-97-ans-p012.jpg,0.9986857771873474,427,573,427,518,875,653
COMP-0179,comp-1-97-ans-p012.jpg,0.9991436004638672,425,681,427,626,875,690
COMP-0180,comp-1-97-ans-p012.jpg,0.998797595500946,425,718,427,663,875,834
COMP-0181,comp-1-97-ans-p012.jpg,0.9990431666374207,426,862,427,807,875,870
COMP-0182,comp-1-97-ans-p012.jpg,0.9991717338562012,426,898,427,843,875,907
COMP-0183,comp-1-97-ans-p012.jpg,0.9991496205329895,426,935,427,880,875,944
COMP-0184,comp-1-97-ans-p012.jpg,0.9987720847129822,426,972,427,917,875,1087
COMP-0185,comp-1-97-ans-p012.jpg,0.9988492131233215,426,1115,427,1060,875,1240
COMP-0186,comp-1-97-ans-p013.jpg,0.9987062215805054,50,108,35,53,482,117
COMP-0187,comp-1-97-ans-p013.jpg,0.9985010623931885,50,145,35,90,482,226
COMP-0188,comp-1-97-ans-p013.jpg,0.9995317459106445,50,254,35,199,482,335
COMP-0189,comp-1-97-ans-p013.jpg,0.9987425208091736,50,363,35,308,482,371
COMP-0190,comp-1-97-ans-p013.jpg,0.9987096786499023,50,399,35,344,482,407
COMP-0191,comp-1-97-ans-p013.jpg,0.9988837838172913,50,435,35,380,482,443
COMP-0192,comp-1-97-ans-p013.jpg,0.9988390207290649,50,471,35,416,482,479
COMP-0193,comp-1-97-ans-p013.jpg,0.9988492131233215,50,507,35,452,482,515
COMP-0194,comp-1-97-ans-p013.jpg,0.9989544153213501,50,543,35,488,482,550
COMP-0195,comp-1-97-ans-p013.jpg,0.9990777373313904,50,578,35,523,482,587
COMP-0196,comp-1-97-ans-p013.jpg,0.9990330934524536,50,615,35,560,482,623
COMP-0197,comp-1-97-ans-p013.jpg,0.9987732768058777,50,651,35,596,482,767
COMP-0198,comp-1-97-ans-p013.jpg,0.9996154308319092,50,795,35,740,482,877
COMP-0199,comp-1-97-ans-p013.jpg,0.9987928867340088,50,905,35,850,482,1240
COMP-0200,comp-1-97-ans-p013.jpg,0.9986564517021179,479,471,427,416,875,805
COMP-0201,comp-1-97-ans-p013.jpg,0.9987640976905823,477,833,427,778,875,1240
COMP-0202,comp-1-97-ans-p014.jpg,0.9987708330154419,50,151,35,96,482,1240
COMP-0203,comp-1-97-ans-p014.jpg,0.998566746711731,425,45,427,0,875,375
COMP-0204,comp-1-97-ans-p014.jpg,0.9987668991088867,425,403,427,348,875,1240
COMP-0205,comp-1-97-ans-p015.jpg,0.9984277486801147,50,308,35,253,482,426
COMP-0206,comp-1-97-ans-p015.jpg,0.9984785914421082,50,454,35,399,482,643
COMP-0207,comp-1-97-ans-p015.jpg,0.9990250468254089,50,671,35,616,482,680
COMP-0208,comp-1-97-ans-p015.jpg,0.9986300468444824,50,708,35,653,482,826
COMP-0209,comp-1-97-ans-p015.jpg,0.9986401796340942,50,854,35,799,482,1045
COMP-0210,comp-1-97-ans-p015.jpg,0.9987788200378418,50,1073,35,1018,482,1240
COMP-0211,comp-1-97-ans-p015.jpg,0.9987567663192749,442,103,427,48,875,108
COMP-0212,comp-1-97-ans-p015.jpg,0.9986822605133057,438,123,427,68,875,391
COMP-0213,comp-1-97-ans-p015.jpg,0.9986463189125061,467,419,427,364,875,501
COMP-0214,comp-1-97-ans-p015.jpg,0.9990113973617554,466,529,427,474,875,536
COMP-0215,comp-1-97-ans-p015.jpg,0.9985007643699646,467,564,427,509,875,864
COMP-0216,comp-1-97-ans-p015.jpg,0.9991195797920227,471,892,427,837,875,901
COMP-0217,comp-1-97-ans-p015.jpg,0.9991965889930725,471,929,427,874,875,937
COMP-0218,comp-1-97-ans-p015.jpg,0.9988230466842651,471,965,427,910,875,1049
COMP-0219,comp-1-97-ans-p015.jpg,0.9987688660621643,471,1077,427,1022,875,1157
COMP-0220,comp-1-97-ans-p015.jpg,0.9993087649345398,472,1185,427,1130,875,1240
COMP-0221,comp-1-97-ans-p016.jpg,0.9985399842262268,50,183,35,128,482,298
COMP-0222,comp-1-97-ans-p016.jpg,0.9986861944198608,50,326,35,271,482,370
COMP-0223,comp-1-97-ans-p016.jpg,0.9984791278839111,50,398,35,343,482,621
COMP-0224,comp-1-97-ans-p016.jpg,0.9986649751663208,50,649,35,594,482,983
COMP-0225,comp-1-97-ans-p016.jpg,0.9986846446990967,50,1011,35,956,482,1240
COMP-0226,comp-1-97-ans-p016.jpg,0.9985752105712891,425,113,427,58,875,226
COMP-0227,comp-1-97-ans-p016.jpg,0.9986499547958374,425,254,427,199,875,405
COMP-0228,comp-1-97-ans-p016.jpg,0.9991084337234497,425,433,427,378,875,440
COMP-0229,comp-1-97-ans-p016.jpg,0.9984090328216553,425,468,427,413,875,656
COMP-0230,comp-1-97-ans-p016.jpg,0.9985928535461426,425,684,427,629,875,801
COMP-0231,comp-1-97-ans-p016.jpg,0.99871826171875,425,829,427,774,875,909
COMP-0232,comp-1-97-ans-p016.jpg,0.9988861083984375,425,937,427,882,875,1018
COMP-0233,comp-1-97-ans-p016.jpg,0.998677134513855,425,1046,427,991,875,1240
COMP-0234,comp-1-97-ans-p017.jpg,0.9984564781188965,50,78,35,23,482,229
COMP-0235,comp-1-97-ans-p017.jpg,0.9988146424293518,50,257,35,202,482,373
COMP-0236,comp-1-97-ans-p017.jpg,0.9988170266151428,50,401,35,346,482,479
COMP-0237,comp-1-97-ans-p017.jpg,0.998852014541626,50,507,35,452,482,587
COMP-0238,comp-1-97-ans-p017.jpg,0.9989356398582458,50,615,35,560,482,728
COMP-0239,comp-1-97-ans-p017.jpg,0.9989153742790222,50,756,35,701,482,834
COMP-0240,comp-1-97-ans-p017.jpg,0.9991052150726318,50,862,35,807,482,871
COMP-0241,comp-1-97-ans-p017.jpg,0.9989872574806213,50,899,35,844,482,976
COMP-0242,comp-1-97-ans-p017.jpg,0.998918354511261,50,1004,35,949,482,1240
COMP-0243,comp-1-97-ans-p017.jpg,0.9984310269355774,483,77,427,22,875,229
COMP-0244,comp-1-97-ans-p017.jpg,0.9987203478813171,482,257,427,202,875,337
COMP-0245,comp-1-97-ans-p017.jpg,0.9986525774002075,481,365,427,310,875,621
COMP-0246,comp-1-97-ans-p017.jpg,0.9989409446716309,481,649,427,594,875,729
COMP-0247,comp-1-97-ans-p017.jpg,0.9988047480583191,481,757,427,702,875,978
COMP-0248,comp-1-97-ans-p017.jpg,0.9990279674530029,480,1006,427,951,875,1085
COMP-0249,comp-1-97-ans-p017.jpg,0.9991416931152344,480,1113,427,1058,875,1240
COMP-0250,comp-1-97-ans-p018.jpg,0.9983569979667664,50,155,35,100,482,309
COMP-0251,comp-1-97-ans-p018.jpg,0.9987214207649231,50,337,35,282,482,413
COMP-0252,comp-1-97-ans-p018.jpg,0.9986637234687805,50,441,35,386,482,664
COMP-0253,comp-1-97-ans-p018.jpg,0.9990704655647278,50,692,35,637,482,701
COMP-0254,comp-1-97-ans-p018.jpg,0.9989252686500549,50,729,35,674,482,842
COMP-0255,comp-1-97-ans-p018.jpg,0.9991409778594971,50,870,35,815,482,1128
COMP-0256,comp-1-97-ans-p018.jpg,0.9991583228111267,50,1156,35,1101,482,1162
COMP-0257,comp-1-97-ans-p018.jpg,0.9992173314094543,50,1190,35,1135,482,1240
COMP-0258,comp-1-97-ans-p018.jpg,0.9988001585006714,425,153,427,98,875,233
COMP-0259,comp-1-97-ans-p018.jpg,0.9986099004745483,425,261,427,206,875,341
COMP-0260,comp-1-97-ans-p018.jpg,0.9991244077682495,425,369,427,314,875,374
COMP-0261,comp-1-97-ans-p018.jpg,0.9987943768501282,425,402,427,347,875,485
COMP-0262,comp-1-97-ans-p018.jpg,0.9990026950836182,425,513,427,458,875,519
COMP-0263,comp-1-97-ans-p018.jpg,0.9986156821250916,425,547,427,492,875,698
COMP-0264,comp-1-97-ans-p018.jpg,0.9993624091148376,425,726,427,671,875,877
COMP-0265,comp-1-97-ans-p018.jpg,0.9988332986831665,425,905,427,850,875,1091
COMP-0266,comp-1-97-ans-p018.jpg,0.999080240726471,425,1119,427,1064,875,1126
COMP-0267,comp-1-97-ans-p018.jpg,0.9990231990814209,425,1154,427,1099,875,1162
COMP-0268,comp-1-97-ans-p018.jpg,0.999200165271759,425,1190,427,1135,875,1240
COMP-0269,comp-1-97-ans-p019.jpg,0.9989153146743774,50,1002,35,947,482,1240
COMP-0270,comp-1-97-ans-p019.jpg,0.9986950755119324,493,642,427,587,875,1240
COMP-0271,comp-1-97-ans-p020.jpg,0.9987110495567322,50,309,35,254,482,317
COMP-0272,comp-1-97-ans-p020.jpg,0.998692512512207,50,345,35,290,482,424
COMP-0273,comp-1-97-ans-p020.jpg,0.9988951683044434,50,452,35,397,482,461
COMP-0274,comp-1-97-ans-p020.jpg,0.999078094959259,50,489,35,434,482,497
COMP-0275,comp-1-97-ans-p020.jpg,0.9985863566398621,50,525,35,470,482,605
COMP-0276,comp-1-97-ans-p020.jpg,0.9987653493881226,50,633,35,578,482,749
COMP-0277,comp-1-97-ans-p020.jpg,0.9988448023796082,50,777,35,722,482,893
COMP-0278,comp-1-97-ans-p020.jpg,0.999150276184082,50,921,35,866,482,930
COMP-0279,comp-1-97-ans-p020.jpg,0.9988701939582825,50,958,35,903,482,1037
COMP-0280,comp-1-97-ans-p020.jpg,0.998962938785553,50,1065,35,1010,482,1240
COMP-0281,comp-1-97-ans-p020.jpg,0.9986135959625244,425,310,427,255,875,390
COMP-0282,comp-1-97-ans-p020.jpg,0.9986833930015564,425,418,427,363,875,499
COMP-0283,comp-1-97-ans-p020.jpg,0.9987099170684814,425,527,427,472,875,607
COMP-0284,comp-1-97-ans-p020.jpg,0.9989368319511414,425,635,427,580,875,643
COMP-0285,comp-1-97-ans-p020.jpg,0.9988722205162048,425,671,427,616,875,749
COMP-0286,comp-1-97-ans-p020.jpg,0.9988344311714172,425,777,427,722,875,894
COMP-0287,comp-1-97-ans-p020.jpg,0.9991008043289185,425,922,427,867,875,933
COMP-0288,comp-1-97-ans-p020.jpg,0.9987984895706177,425,961,427,906,875,1147
COMP-0289,comp-1-97-ans-p020.jpg,0.9993069171905518,425,1175,427,1120,875,1240
COMP-0290,comp-1-97-ans-p021.jpg,0.9985764622688293,50,148,35,93,482,157
COMP-0291,comp-1-97-ans-p021.jpg,0.9987226724624634,50,185,35,130,482,190
COMP-0292,comp-1-97-ans-p021.jpg,0.9985584616661072,50,218,35,163,482,301
COMP-0293,comp-1-97-ans-p021.jpg,0.998981773853302,50,329,35,274,482,336
COMP-0294,comp-1-97-ans-p021.jpg,0.9989519715309143,50,364,35,309,482,373
COMP-0295,comp-1-97-ans-p021.jpg,0.9987568259239197,50,401,35,346,482,517
COMP-0296,comp-1-97-ans-p021.jpg,0.9987875819206238,50,545,35,490,482,766
COMP-0297,comp-1-97-ans-p021.jpg,0.9991583228111267,50,794,35,739,482,802
COMP-0298,comp-1-97-ans-p021.jpg,0.9989935159683228,50,830,35,775,482,837
COMP-0299,comp-1-97-ans-p021.jpg,0.9992405772209167,50,865,35,810,482,873
COMP-0300,comp-1-97-ans-p021.jpg,0.9990415573120117,50,901,35,846,482,909
COMP-0301,comp-1-97-ans-p021.jpg,0.9992119073867798,50,937,35,882,482,943
COMP-0302,comp-1-97-ans-p021.jpg,0.9990215301513672,50,971,35,916,482,981
COMP-0303,comp-1-97-ans-p021.jpg,0.9991887807846069,50,1009,35,954,482,1017
COMP-0304,comp-1-97-ans-p021.jpg,0.9987317323684692,50,1045,35,990,482,1125
COMP-0305,comp-1-97-ans-p021.jpg,0.9990547895431519,50,1153,35,1098,482,1160
COMP-0306,comp-1-97-ans-p021.jpg,0.9992414712905884,50,1188,35,1133,482,1240
COMP-0307,comp-1-97-ans-p021.jpg,0.9988370537757874,488,78,427,23,875,85
COMP-0308,comp-1-97-ans-p021.jpg,0.9987639784812927,487,113,427,58,875,118
COMP-0309,comp-1-97-ans-p021.jpg,0.9989320039749146,487,146,427,91,875,152
COMP-0310,comp-1-97-ans-p021.jpg,0.9988281726837158,487,180,427,125,875,186
COMP-0311,comp-1-97-ans-p021.jpg,0.9988422989845276,487,214,427,159,875,221
COMP-0312,comp-1-97-ans-p021.jpg,0.9988467693328857,487,249,427,194,875,323
COMP-0313,comp-1-97-ans-p021.jpg,0.9990032911300659,487,351,427,296,875,357
COMP-0314,comp-1-97-ans-p021.jpg,0.9991227388381958,487,385,427,330,875,391
COMP-0315,comp-1-97-ans-p021.jpg,0.9990460872650146,487,419,427,364,875,424
COMP-0316,comp-1-97-ans-p021.jpg,0.9990511536598206,487,452,427,397,875,461
COMP-0317,comp-1-97-ans-p021.jpg,0.9989297389984131,487,489,427,434,875,568
COMP-0318,comp-1-97-ans-p021.jpg,0.998769998550415,487,596,427,541,875,677
COMP-0319,comp-1-97-ans-p021.jpg,0.998888373374939,486,705,427,650,875,783
COMP-0320,comp-1-97-ans-p021.jpg,0.998762309551239,487,811,427,756,875,928
COMP-0321,comp-1-97-ans-p021.jpg,0.9986960291862488,486,956,427,901,875,1109
COMP-0322,comp-1-97-ans-p021.jpg,0.9991245865821838,487,1137,427,1082,875,1144
COMP-0323,comp-1-97-ans-p021.jpg,0.9991037249565125,485,1172,427,1117,875,1240
COMP-0324,comp-1-97-ans-p022.jpg,0.9987803101539612,50,261,35,206,482,269
COMP-0325,comp-1-97-ans-p022.jpg,0.9990081787109375,50,297,35,242,482,309
COMP-0326,comp-1-97-ans-p022.jpg,0.9993037581443787,50,337,35,282,482,445
COMP-0327,comp-1-97-ans-p022.jpg,0.9989822506904602,50,473,35,418,482,479
COMP-0328,comp-1-97-ans-p022.jpg,0.9986518621444702,50,507,35,452,482,651
COMP-0329,comp-1-97-ans-p022.jpg,0.9991282224655151,50,679,35,624,482,685
COMP-0330,comp-1-97-ans-p022.jpg,0.9992550611495972,50,713,35,658,482,720
COMP-0331,comp-1-97-ans-p022.jpg,0.999154269695282,50,748,35,693,482,754
COMP-0332,comp-1-97-ans-p022.jpg,0.9991641640663147,50,782,35,727,482,789
COMP-0333,comp-1-97-ans-p022.jpg,0.9990001320838928,50,817,35,762,482,891
COMP-0334,comp-1-97-ans-p022.jpg,0.9991559982299805,50,919,35,864,482,926
COMP-0335,comp-1-97-ans-p022.jpg,0.9992242455482483,50,954,35,899,482,960
COMP-0336,comp-1-97-ans-p022.jpg,0.999176561832428,50,988,35,933,482,993
COMP-0337,comp-1-97-ans-p022.jpg,0.9991335868835449,50,1021,35,966,482,1026
COMP-0338,comp-1-97-ans-p022.jpg,0.9992039203643799,50,1054,35,999,482,1061
COMP-0339,comp-1-97-ans-p022.jpg,0.9990634918212891,50,1089,35,1034,482,1165
COMP-0340,comp-1-97-ans-p022.jpg,0.9992275238037109,50,1193,35,1138,482,1240
COMP-0341,comp-1-97-ans-p022.jpg,0.9989237189292908,425,150,427,95,875,158
COMP-0342,comp-1-97-ans-p022.jpg,0.9986170530319214,425,186,427,131,875,269
COMP-0343,comp-1-97-ans-p022.jpg,0.998658299446106,426,297,427,242,875,413
COMP-0344,comp-1-97-ans-p022.jpg,0.9991479516029358,426,441,427,386,875,450
COMP-0345,comp-1-97-ans-p022.jpg,0.9987069368362427,425,478,427,423,875,557
COMP-0346,comp-1-97-ans-p022.jpg,0.9995974898338318,426,585,427,530,875,650
COMP-0347,comp-1-97-ans-p022.jpg,0.998863160610199,428,678,427,623,875,685
COMP-0348,comp-1-97-ans-p022.jpg,0.9991074204444885,427,713,427,658,875,721
COMP-0349,comp-1-97-ans-p022.jpg,0.9990274310112,427,749,427,694,875,758
COMP-0350,comp-1-97-ans-p022.jpg,0.9990724325180054,427,786,427,731,875,794
COMP-0351,comp-1-97-ans-p022.jpg,0.9990859031677246,427,822,427,767,875,830
COMP-0352,comp-1-97-ans-p022.jpg,0.9991134405136108,428,858,427,803,875,867
COMP-0353,comp-1-97-ans-p022.jpg,0.9991464614868164,427,895,427,840,875,902
COMP-0354,comp-1-97-ans-p022.jpg,0.9992023706436157,428,930,427,875,875,940
COMP-0355,comp-1-97-ans-p022.jpg,0.9992973804473877,427,968,427,913,875,976
COMP-0356,comp-1-97-ans-p022.jpg,0.9991233944892883,431,1004,427,949,875,1013
COMP-0357,comp-1-97-ans-p022.jpg,0.9991731643676758,429,1041,427,986,875,1047
COMP-0358,comp-1-97-ans-p022.jpg,0.9991776347160339,431,1075,427,1020,875,1083
COMP-0359,comp-1-97-ans-p022.jpg,0.9991312026977539,431,1111,427,1056,875,1119
COMP-0360,comp-1-97-ans-p022.jpg,0.9991037249565125,431,1147,427,1092,875,1154
COMP-0361,comp-1-97-ans-p022.jpg,0.9992462396621704,431,1182,427,1127,875,1240
COMP-0362,comp-1-97-ans-p023.jpg,0.9984800219535828,50,66,35,11,482,71
COMP-0363,comp-1-97-ans-p023.jpg,0.998450756072998,50,98,35,43,482,109
COMP-0364,comp-1-97-ans-p023.jpg,0.9986600279808044,50,137,35,82,482,145
COMP-0365,comp-1-97-ans-p023.jpg,0.9994074106216431,50,173,35,118,482,234
COMP-0366,comp-1-97-ans-p023.jpg,0.998455286026001,50,262,35,207,482,342
COMP-0367,comp-1-97-ans-p023.jpg,0.9985305666923523,50,370,35,315,482,663
COMP-0368,comp-1-97-ans-p023.jpg,0.9988136887550354,50,691,35,636,482,1240
COMP-0369,comp-1-97-ans-p023.jpg,0.9985504746437073,484,388,427,333,875,468
COMP-0370,comp-1-97-ans-p023.jpg,0.9987993240356445,484,496,427,441,875,1240
COMP-0371,comp-1-97-ans-p024.jpg,0.998617947101593,50,319,35,264,482,363
COMP-0372,comp-1-97-ans-p024.jpg,0.9985236525535583,50,391,35,336,482,541
COMP-0373,comp-1-97-ans-p024.jpg,0.9987013339996338,50,569,35,514,482,647
COMP-0374,comp-1-97-ans-p024.jpg,0.99897301197052,50,675,35,620,482,684
COMP-0375,comp-1-97-ans-p024.jpg,0.9988717436790466,50,712,35,657,482,896
COMP-0376,comp-1-97-ans-p024.jpg,0.9988634586334229,50,924,35,869,482,1003
COMP-0377,comp-1-97-ans-p024.jpg,0.9988740682601929,50,1031,35,976,482,1240
COMP-0378,comp-1-97-ans-p024.jpg,0.9993205666542053,496,147,427,92,875,255
COMP-0379,comp-1-97-ans-p024.jpg,0.9989296793937683,426,283,427,228,875,292
COMP-0380,comp-1-97-ans-p024.jpg,0.9991564154624939,427,320,427,265,875,328
COMP-0381,comp-1-97-ans-p024.jpg,0.9990354776382446,426,356,427,301,875,363
COMP-0382,comp-1-97-ans-p024.jpg,0.9990060329437256,427,391,427,336,875,398
COMP-0383,comp-1-97-ans-p024.jpg,0.9989873170852661,428,426,427,371,875,435
COMP-0384,comp-1-97-ans-p024.jpg,0.9989563226699829,428,463,427,408,875,470
COMP-0385,comp-1-97-ans-p024.jpg,0.9986161589622498,429,498,427,443,875,613
COMP-0386,comp-1-97-ans-p024.jpg,0.9987652897834778,429,641,427,586,875,755
COMP-0387,comp-1-97-ans-p024.jpg,0.9987906813621521,430,783,427,728,875,968
COMP-0388,comp-1-97-ans-p024.jpg,0.9988568425178528,431,996,427,941,875,1110
COMP-0389,comp-1-97-ans-p024.jpg,0.9992179870605469,431,1138,427,1083,875,1240
COMP-0390,comp-1-97-ans-p025.jpg,0.9987806081771851,50,109,35,54,482,117
COMP-0391,comp-1-97-ans-p025.jpg,0.998711347579956,50,145,35,90,482,221
COMP-0392,comp-1-97-ans-p025.jpg,0.9988971948623657,50,249,35,194,482,258
COMP-0393,comp-1-97-ans-p025.jpg,0.9986227750778198,50,286,35,231,482,400
COMP-0394,comp-1-97-ans-p025.jpg,0.9989505410194397,50,428,35,373,482,437
COMP-0395,comp-1-97-ans-p025.jpg,0.9990479946136475,50,465,35,410,482,470
COMP-0396,comp-1-97-ans-p025.jpg,0.9988796710968018,50,497,35,442,482,613
COMP-0397,comp-1-97-ans-p025.jpg,0.9989266991615295,50,641,35,586,482,720
COMP-0398,comp-1-97-ans-p025.jpg,0.9988189935684204,50,748,35,693,482,827
COMP-0399,comp-1-97-ans-p025.jpg,0.9990538954734802,50,855,35,800,482,935
COMP-0400,comp-1-97-ans-p025.jpg,0.9989500045776367,50,963,35,908,482,1043
COMP-0401,comp-1-97-ans-p025.jpg,0.998955488204956,50,1071,35,1016,482,1240
COMP-0402,comp-1-97-ans-p025.jpg,0.9983104467391968,485,109,427,54,875,189
COMP-0403,comp-1-97-ans-p025.jpg,0.9985337853431702,485,217,427,162,875,365
COMP-0404,comp-1-97-ans-p025.jpg,0.9986969828605652,484,393,427,338,875,506
COMP-0405,comp-1-97-ans-p025.jpg,0.9986251592636108,486,534,427,479,875,685
COMP-0406,comp-1-97-ans-p025.jpg,0.9988319277763367,487,713,427,658,875,826
COMP-0407,comp-1-97-ans-p025.jpg,0.9987061023712158,487,854,427,799,875,970
COMP-0408,comp-1-97-ans-p025.jpg,0.9987278580665588,487,998,427,943,875,1115
COMP-0409,comp-1-97-ans-p025.jpg,0.999018132686615,487,1143,427,1088,875,1240
COMP-0410,comp-1-97-ans-p026.jpg,0.9983816742897034,50,142,35,87,482,331
COMP-0411,comp-1-97-ans-p026.jpg,0.9986560940742493,50,359,35,304,482,439
COMP-0412,comp-1-97-ans-p026.jpg,0.9985540509223938,50,467,35,412,482,583
COMP-0413,comp-1-97-ans-p026.jpg,0.9988155364990234,50,611,35,556,482,690
COMP-0414,comp-1-97-ans-p026.jpg,0.9987821578979492,50,718,35,663,482,941
COMP-0415,comp-1-97-ans-p026.jpg,0.9988847970962524,50,969,35,914,482,1118
COMP-0416,comp-1-97-ans-p026.jpg,0.9990290403366089,50,1146,35,1091,482,1240
COMP-0417,comp-1-97-ans-p026.jpg,0.9986451864242554,425,137,427,82,875,257
COMP-0418,comp-1-97-ans-p026.jpg,0.9989510178565979,425,285,427,230,875,293
COMP-0419,comp-1-97-ans-p026.jpg,0.9990120530128479,425,321,427,266,875,329
COMP-0420,comp-1-97-ans-p026.jpg,0.998605489730835,425,357,427,302,875,545
COMP-0421,comp-1-97-ans-p026.jpg,0.9989888072013855,425,573,427,518,875,581
COMP-0422,comp-1-97-ans-p026.jpg,0.9987770318984985,425,609,427,554,875,725
COMP-0423,comp-1-97-ans-p026.jpg,0.9989055395126343,426,753,427,698,875,765
COMP-0424,comp-1-97-ans-p026.jpg,0.9987577199935913,463,793,427,738,875,974
COMP-0425,comp-1-97-ans-p026.jpg,0.9992382526397705,427,1002,427,947,875,1010
COMP-0426,comp-1-97-ans-p026.jpg,0.9991103410720825,427,1038,427,983,875,1046
COMP-0427,comp-1-97-ans-p026.jpg,0.9989529848098755,428,1074,427,1019,875,1153
COMP-0428,comp-1-97-ans-p026.jpg,0.9992413520812988,428,1181,427,1126,875,1240
COMP-0429,comp-1-97-ans-p027.jpg,0.9986393451690674,50,356,35,301,482,543
COMP-0430,comp-1-97-ans-p027.jpg,0.9990469217300415,50,571,35,516,482,581
COMP-0431,comp-1-97-ans-p027.jpg,0.9991661906242371,50,609,35,554,482,933
COMP-0432,comp-1-97-ans-p027.jpg,0.999148964881897,50,961,35,906,482,967
COMP-0433,comp-1-97-ans-p027.jpg,0.9987438321113586,50,995,35,940,482,1109
COMP-0434,comp-1-97-ans-p027.jpg,0.9991174936294556,50,1137,35,1082,482,1240
COMP-0435,comp-1-97-ans-p027.jpg,0.9987288117408752,491,142,427,87,875,149
COMP-0436,comp-1-97-ans-p027.jpg,0.9984890222549438,491,177,427,122,875,295
COMP-0437,comp-1-97-ans-p027.jpg,0.9986392855644226,490,323,427,268,875,437
COMP-0438,comp-1-97-ans-p027.jpg,0.9990005493164062,488,465,427,410,875,543
COMP-0439,comp-1-97-ans-p027.jpg,0.9992407560348511,488,571,427,516,875,579
COMP-0440,comp-1-97-ans-p027.jpg,0.9992905259132385,488,607,427,552,875,618
COMP-0441,comp-1-97-ans-p027.jpg,0.9987528920173645,437,646,427,591,875,685
COMP-0442,comp-1-97-ans-p027.jpg,0.9988400936126709,489,713,427,658,875,863
COMP-0443,comp-1-97-ans-p027.jpg,0.9989764094352722,488,891,427,836,875,970
COMP-0444,comp-1-97-ans-p027.jpg,0.9991187453269958,489,998,427,943,875,1005
COMP-0445,comp-1-97-ans-p027.jpg,0.9990895986557007,488,1033,427,978,875,1111
COMP-0446,comp-1-97-ans-p027.jpg,0.9991204142570496,487,1139,427,1084,875,1145
COMP-0447,comp-1-97-ans-p027.jpg,0.9990644454956055,489,1173,427,1118,875,1240
COMP-0448,comp-1-97-ans-p028.jpg,0.998583197593689,50,73,35,18,482,118
COMP-0449,comp-1-97-ans-p028.jpg,0.9984269738197327,50,146,35,91,482,227
COMP-0450,comp-1-97-ans-p028.jpg,0.9988628029823303,50,255,35,200,482,264
COMP-0451,comp-1-97-ans-p028.jpg,0.9984776973724365,50,292,35,237,482,337
COMP-0452,comp-1-97-ans-p028.jpg,0.9989286661148071,50,365,35,310,482,373
COMP-0453,comp-1-97-ans-p028.jpg,0.9990096688270569,50,401,35,346,482,409
COMP-0454,comp-1-97-ans-p028.jpg,0.9989094734191895,50,437,35,382,482,445
COMP-0455,comp-1-97-ans-p028.jpg,0.9990673065185547,50,473,35,418,482,482
COMP-0456,comp-1-97-ans-p028.jpg,0.999018132686615,50,510,35,455,482,517
COMP-0457,comp-1-97-ans-p028.jpg,0.9990978837013245,50,545,35,490,482,554
COMP-0458,comp-1-97-ans-p028.jpg,0.9991645812988281,50,582,35,527,482,590
COMP-0459,comp-1-97-ans-p028.jpg,0.9991296529769897,50,618,35,563,482,626
COMP-0460,comp-1-97-ans-p028.jpg,0.9991273880004883,50,654,35,599,482,662
COMP-0461,comp-1-97-ans-p028.jpg,0.998822808265686,50,690,35,635,482,877
COMP-0462,comp-1-97-ans-p028.jpg,0.9994198679924011,50,905,35,850,482,1061
COMP-0463,comp-1-97-ans-p028.jpg,0.9992088079452515,50,1089,35,1034,482,1095
COMP-0464,comp-1-97-ans-p028.jpg,0.9991487264633179,50,1123,35,1068,482,1130
COMP-0465,comp-1-97-ans-p028.jpg,0.9990689158439636,50,1158,35,1103,482,1240
COMP-0466,comp-1-97-ans-p028.jpg,0.9991874098777771,425,217,427,162,875,225
COMP-0467,comp-1-97-ans-p028.jpg,0.9990577697753906,425,253,427,198,875,261
COMP-0468,comp-1-97-ans-p028.jpg,0.9991985559463501,425,289,427,234,875,297
COMP-0469,comp-1-97-ans-p028.jpg,0.9987899661064148,425,325,427,270,875,333
COMP-0470,comp-1-97-ans-p028.jpg,0.999024510383606,425,361,427,306,875,370
COMP-0471,comp-1-97-ans-p028.jpg,0.9987990260124207,425,398,427,343,875,405
COMP-0472,comp-1-97-ans-p028.jpg,0.9989385604858398,425,433,427,378,875,442
COMP-0473,comp-1-97-ans-p028.jpg,0.9989014267921448,425,470,427,415,875,479
COMP-0474,comp-1-97-ans-p028.jpg,0.9989354610443115,425,507,427,452,875,517
COMP-0475,comp-1-97-ans-p028.jpg,0.9988698363304138,425,545,427,490,875,552
COMP-0476,comp-1-97-ans-p028.jpg,0.9986487030982971,425,580,427,525,875,769
COMP-0477,comp-1-97-ans-p028.jpg,0.9990092515945435,427,797,427,742,875,805
COMP-0478,comp-1-97-ans-p028.jpg,0.9996316432952881,426,833,427,778,875,914
COMP-0479,comp-1-97-ans-p028.jpg,0.998889148235321,427,942,427,887,875,1240
COMP-0480,comp-1-97-ans-p029.jpg,0.9986490607261658,50,357,35,302,482,787
COMP-0481,comp-1-97-ans-p029.jpg,0.999033510684967,50,815,35,760,482,1240
COMP-0482,comp-1-97-ans-p029.jpg,0.9985953569412231,467,286,427,231,875,611
COMP-0483,comp-1-97-ans-p029.jpg,0.9987670183181763,467,639,427,584,875,1240
COMP-0484,comp-1-97-ans-p030.jpg,0.9987474083900452,50,316,35,261,482,323
COMP-0485,comp-1-97-ans-p030.jpg,0.9989501237869263,50,351,35,296,482,358
COMP-0486,comp-1-97-ans-p030.jpg,0.9989613890647888,50,386,35,331,482,395
COMP-0487,comp-1-97-ans-p030.jpg,0.9987599849700928,50,423,35,368,482,502
COMP-0488,comp-1-97-ans-p030.jpg,0.9987532496452332,50,530,35,475,482,608
COMP-0489,comp-1-97-ans-p030.jpg,0.9989647269248962,50,636,35,581,482,685
COMP-0490,comp-1-97-ans-p030.jpg,0.9989944100379944,50,713,35,658,482,718
COMP-0491,comp-1-97-ans-p030.jpg,0.9991937279701233,50,743,35,688,482,750
COMP-0492,comp-1-97-ans-p030.jpg,0.9989448189735413,50,778,35,723,482,893
COMP-0493,comp-1-97-ans-p030.jpg,0.9991554021835327,50,921,35,866,482,927
COMP-0494,comp-1-97-ans-p030.jpg,0.9991752505302429,50,955,35,900,482,962
COMP-0495,comp-1-97-ans-p030.jpg,0.9990633130073547,50,990,35,935,482,997
COMP-0496,comp-1-97-ans-p030.jpg,0.9992021918296814,50,1025,35,970,482,1034
COMP-0497,comp-1-97-ans-p030.jpg,0.9991979598999023,50,1062,35,1007,482,1069
COMP-0498,comp-1-97-ans-p030.jpg,0.9991016387939453,50,1097,35,1042,482,1240
COMP-0499,comp-1-97-ans-p030.jpg,0.9991640448570251,425,281,427,226,875,290
COMP-0500,comp-1-97-ans-p030.jpg,0.9989951848983765,425,318,427,263,875,325
COMP-0501,comp-1-97-ans-p030.jpg,0.9990493059158325,425,353,427,298,875,361
COMP-0502,comp-1-97-ans-p030.jpg,0.9989570379257202,425,389,427,334,875,397
COMP-0503,comp-1-97-ans-p030.jpg,0.9987309575080872,425,425,427,370,875,575
COMP-0504,comp-1-97-ans-p030.jpg,0.9986037015914917,437,603,427,548,875,679
COMP-0505,comp-1-97-ans-p030.jpg,0.9987788796424866,425,707,427,652,875,824
COMP-0506,comp-1-97-ans-p030.jpg,0.9987708926200867,425,852,427,797,875,965
COMP-0507,comp-1-97-ans-p030.jpg,0.9990240335464478,425,993,427,938,875,1072
COMP-0508,comp-1-97-ans-p030.jpg,0.9989314079284668,425,1100,427,1045,875,1240
COMP-0509,comp-1-97-ans-p031.jpg,0.9984320402145386,50,105,35,50,482,111
COMP-0510,comp-1-97-ans-p031.jpg,0.9984455108642578,50,139,35,84,482,149
COMP-0511,comp-1-97-ans-p031.jpg,0.9984511137008667,50,177,35,122,482,293
COMP-0512,comp-1-97-ans-p031.jpg,0.9986078143119812,50,321,35,266,482,403
COMP-0513,comp-1-97-ans-p031.jpg,0.998956561088562,50,431,35,376,482,440
COMP-0514,comp-1-97-ans-p031.jpg,0.9992284178733826,50,468,35,413,482,619
COMP-0515,comp-1-97-ans-p031.jpg,0.9988390803337097,50,647,35,592,482,725
COMP-0516,comp-1-97-ans-p031.jpg,0.9990993142127991,50,753,35,698,482,763
COMP-0517,comp-1-97-ans-p031.jpg,0.9989727735519409,50,791,35,736,482,799
COMP-0518,comp-1-97-ans-p031.jpg,0.9990469217300415,50,827,35,772,482,835
COMP-0519,comp-1-97-ans-p031.jpg,0.9990761876106262,50,863,35,808,482,871
COMP-0520,comp-1-97-ans-p031.jpg,0.999093234539032,50,899,35,844,482,906
COMP-0521,comp-1-97-ans-p031.jpg,0.9988707304000854,50,934,35,879,482,1013
COMP-0522,comp-1-97-ans-p031.jpg,0.9989227652549744,50,1041,35,986,482,1085
COMP-0523,comp-1-97-ans-p031.jpg,0.9989176988601685,50,1113,35,1058,482,1240
COMP-0524,comp-1-97-ans-p031.jpg,0.9995071291923523,499,66,427,11,875,149
COMP-0525,comp-1-97-ans-p031.jpg,0.9986953735351562,499,177,427,122,875,184
COMP-0526,comp-1-97-ans-p031.jpg,0.9984239935874939,497,212,427,157,875,222
COMP-0527,comp-1-97-ans-p031.jpg,0.9984233379364014,495,250,427,195,875,259
COMP-0528,comp-1-97-ans-p031.jpg,0.9990134239196777,496,287,427,232,875,294
COMP-0529,comp-1-97-ans-p031.jpg,0.9986042976379395,497,322,427,267,875,331
COMP-0530,comp-1-97-ans-p031.jpg,0.9990460872650146,496,359,427,304,875,365
COMP-0531,comp-1-97-ans-p031.jpg,0.9989041686058044,497,393,427,338,875,403
COMP-0532,comp-1-97-ans-p031.jpg,0.9990796446800232,496,431,427,376,875,437
COMP-0533,comp-1-97-ans-p031.jpg,0.9989191293716431,495,465,427,410,875,475
COMP-0534,comp-1-97-ans-p031.jpg,0.998935878276825,498,503,427,448,875,512
COMP-0535,comp-1-97-ans-p031.jpg,0.9990805387496948,496,540,427,485,875,549
COMP-0536,comp-1-97-ans-p031.jpg,0.9989190697669983,497,577,427,522,875,584
COMP-0537,comp-1-97-ans-p031.jpg,0.9988438487052917,497,612,427,557,875,621
COMP-0538,comp-1-97-ans-p031.jpg,0.9996152520179749,497,649,427,594,875,728
COMP-0539,comp-1-97-ans-p031.jpg,0.9986397624015808,496,756,427,701,875,1240
COMP-0540,comp-1-97-ans-p032.jpg,0.9988488554954529,50,465,35,410,482,1240
COMP-0541,comp-1-97-ans-p032.jpg,0.9989057183265686,425,465,427,410,875,1240
COMP-0542,comp-1-97-ans-p033.jpg,0.9986875057220459,50,321,35,266,482,436
COMP-0543,comp-1-97-ans-p033.jpg,0.9988896250724792,50,464,35,409,482,615
COMP-0544,comp-1-97-ans-p033.jpg,0.9987212419509888,50,643,35,588,482,861
COMP-0545,comp-1-97-ans-p033.jpg,0.9991074204444885,50,889,35,834,482,899
COMP-0546,comp-1-97-ans-p033.jpg,0.9988479018211365,50,927,35,872,482,1042
COMP-0547,comp-1-97-ans-p033.jpg,0.9988538026809692,50,1070,35,1015,482,1149
COMP-0548,comp-1-97-ans-p033.jpg,0.999329149723053,50,1177,35,1122,482,1240
COMP-0549,comp-1-97-ans-p033.jpg,0.9987815618515015,479,361,427,306,875,583
COMP-0550,comp-1-97-ans-p033.jpg,0.9986966252326965,476,611,427,556,875,797
COMP-0551,comp-1-97-ans-p033.jpg,0.9991517663002014,476,825,427,770,875,832
COMP-0552,comp-1-97-ans-p033.jpg,0.9987492561340332,477,860,427,805,875,973
COMP-0553,comp-1-97-ans-p033.jpg,0.9987977147102356,475,1001,427,946,875,1240
COMP-0554,comp-1-97-ans-p034.jpg,0.9983278512954712,50,74,35,19,482,296
COMP-0555,comp-1-97-ans-p034.jpg,0.9984742999076843,50,324,35,269,482,510
COMP-0556,comp-1-97-ans-p034.jpg,0.9987521767616272,50,538,35,483,482,797
COMP-0557,comp-1-97-ans-p034.jpg,0.9988954663276672,50,825,35,770,482,973
COMP-0558,comp-1-97-ans-p034.jpg,0.9991948008537292,50,1001,35,946,482,1008
COMP-0559,comp-1-97-ans-p034.jpg,0.9988489747047424,50,1036,35,981,482,1240
COMP-0560,comp-1-97-ans-p034.jpg,0.9986400008201599,425,73,427,18,875,258
COMP-0561,comp-1-97-ans-p034.jpg,0.9986573457717896,425,286,427,231,875,437
COMP-0562,comp-1-97-ans-p034.jpg,0.9986743927001953,425,465,427,410,875,651
COMP-0563,comp-1-97-ans-p034.jpg,0.9988771080970764,425,679,427,624,875,829
COMP-0564,comp-1-97-ans-p034.jpg,0.9988851547241211,425,857,427,802,875,1006
COMP-0565,comp-1-97-ans-p034.jpg,0.9988583326339722,425,1034,427,979,875,1149
COMP-0566,comp-1-97-ans-p034.jpg,0.9993472695350647,425,1177,427,1122,875,1240
COMP-0567,comp-1-97-ans-p035.jpg,0.9984943866729736,50,156,35,101,482,272
COMP-0568,comp-1-97-ans-p035.jpg,0.9985767602920532,50,300,35,245,482,449
COMP-0569,comp-1-97-ans-p035.jpg,0.9986123442649841,50,477,35,422,482,733
COMP-0570,comp-1-97-ans-p035.jpg,0.9988545179367065,50,761,35,706,482,910
COMP-0571,comp-1-97-ans-p035.jpg,0.9987380504608154,50,938,35,883,482,1125
COMP-0572,comp-1-97-ans-p035.jpg,0.9990859627723694,50,1153,35,1098,482,1240
COMP-0573,comp-1-97-ans-p035.jpg,0.9985393285751343,483,122,427,67,875,202
COMP-0574,comp-1-97-ans-p035.jpg,0.99855637550354,483,230,427,175,875,309
COMP-0575,comp-1-97-ans-p035.jpg,0.9989837408065796,483,337,427,282,875,344
COMP-0576,comp-1-97-ans-p035.jpg,0.9987805485725403,480,372,427,317,875,413
COMP-0577,comp-1-97-ans-p035.jpg,0.9987173676490784,481,441,427,386,875,626
COMP-0578,comp-1-97-ans-p035.jpg,0.9987185597419739,481,654,427,599,875,765
COMP-0579,comp-1-97-ans-p035.jpg,0.9990886449813843,481,793,427,738,875,837
COMP-0580,comp-1-97-ans-p035.jpg,0.9989001154899597,479,865,427,810,875,946
COMP-0581,comp-1-97-ans-p035.jpg,0.9988164305686951,480,974,427,919,875,1126
COMP-0582,comp-1-97-ans-p035.jpg,0.9991489052772522,479,1154,427,1099,875,1162
COMP-0583,comp-1-97-ans-p035.jpg,0.9990680813789368,479,1190,427,1135,875,1240
COMP-0584,comp-1-97-ans-p036.jpg,0.9988264441490173,50,217,35,162,482,226
COMP-0585,comp-1-97-ans-p036.jpg,0.9987173080444336,50,254,35,199,482,262
COMP-0586,comp-1-97-ans-p036.jpg,0.9988374710083008,50,290,35,235,482,298
COMP-0587,comp-1-97-ans-p036.jpg,0.9984224438667297,50,326,35,271,482,442
COMP-0588,comp-1-97-ans-p036.jpg,0.998625636100769,50,470,35,415,482,583
COMP-0589,comp-1-97-ans-p036.jpg,0.9990434646606445,50,611,35,556,482,621
COMP-0590,comp-1-97-ans-p036.jpg,0.9988998174667358,50,649,35,594,482,869
COMP-0591,comp-1-97-ans-p036.jpg,0.998857855796814,50,897,35,842,482,1011
COMP-0592,comp-1-97-ans-p036.jpg,0.9990488886833191,50,1039,35,984,482,1045
COMP-0593,comp-1-97-ans-p036.jpg,0.9991912841796875,50,1073,35,1018,482,1079
COMP-0594,comp-1-97-ans-p036.jpg,0.9989759922027588,50,1107,35,1052,482,1240
COMP-0595,comp-1-97-ans-p036.jpg,0.9985023736953735,425,73,427,18,875,296
COMP-0596,comp-1-97-ans-p036.jpg,0.9986366629600525,425,324,427,269,875,405
COMP-0597,comp-1-97-ans-p036.jpg,0.9986780881881714,425,433,427,378,875,654
COMP-0598,comp-1-97-ans-p036.jpg,0.9989571571350098,425,682,427,627,875,725
COMP-0599,comp-1-97-ans-p036.jpg,0.9988554120063782,425,753,427,698,875,869
COMP-0600,comp-1-97-ans-p036.jpg,0.9991849660873413,425,897,427,842,875,903
COMP-0601,comp-1-97-ans-p036.jpg,0.9986667633056641,425,931,427,876,875,1240
COMP-0602,comp-1-97-ans-p037.jpg,0.9984444379806519,488,83,427,28,875,197
COMP-0603,comp-1-97-ans-p037.jpg,0.9986411333084106,489,225,427,170,875,373
COMP-0604,comp-1-97-ans-p037.jpg,0.999137818813324,489,401,427,346,875,409
COMP-0605,comp-1-97-ans-p037.jpg,0.998689591884613,489,437,427,382,875,549
COMP-0606,comp-1-97-ans-p037.jpg,0.9992733597755432,488,577,427,522,875,584
COMP-0607,comp-1-97-ans-p037.jpg,0.9986286163330078,489,612,427,557,875,974
COMP-0608,comp-1-97-ans-p037.jpg,0.9991869926452637,488,1002,427,947,875,1011
COMP-0609,comp-1-97-ans-p037.jpg,0.9989112019538879,488,1039,427,984,875,1240
COMP-0610,comp-1-97-ans-p038.jpg,0.9985046982765198,50,105,35,50,482,256
COMP-0611,comp-1-97-ans-p038.jpg,0.998500645160675,50,284,35,229,482,400
COMP-0612,comp-1-97-ans-p038.jpg,0.9988706707954407,50,428,35,373,482,437
COMP-0613,comp-1-97-ans-p038.jpg,0.9985988736152649,50,465,35,410,482,687
COMP-0614,comp-1-97-ans-p038.jpg,0.9986814260482788,50,715,35,660,482,829
COMP-0615,comp-1-97-ans-p038.jpg,0.999115526676178,50,857,35,802,482,863
COMP-0616,comp-1-97-ans-p038.jpg,0.998663604259491,50,891,35,836,482,1006
COMP-0617,comp-1-97-ans-p038.jpg,0.998725414276123,50,1034,35,979,482,1240
COMP-0618,comp-1-97-ans-p038.jpg,0.9987728595733643,425,70,427,15,875,77
COMP-0619,comp-1-97-ans-p038.jpg,0.9986343383789062,426,105,427,50,875,184
COMP-0620,comp-1-97-ans-p038.jpg,0.9985703229904175,427,212,427,157,875,362
COMP-0621,comp-1-97-ans-p038.jpg,0.9987219572067261,425,390,427,335,875,469
COMP-0622,comp-1-97-ans-p038.jpg,0.9986617565155029,427,497,427,442,875,648
COMP-0623,comp-1-97-ans-p038.jpg,0.9989070296287537,426,676,427,621,875,685
COMP-0624,comp-1-97-ans-p038.jpg,0.9990284442901611,426,713,427,658,875,720
COMP-0625,comp-1-97-ans-p038.jpg,0.9985904097557068,425,748,427,693,875,1043
COMP-0626,comp-1-97-ans-p038.jpg,0.9988862872123718,426,1071,427,1016,875,1240
COMP-0627,comp-1-97-ans-p039.jpg,0.9986252784729004,50,89,35,34,482,97
COMP-0628,comp-1-97-ans-p039.jpg,0.9985450506210327,50,125,35,70,482,133
COMP-0629,comp-1-97-ans-p039.jpg,0.9987248778343201,50,161,35,106,482,168
COMP-0630,comp-1-97-ans-p039.jpg,0.9985967874526978,50,196,35,141,482,203
COMP-0631,comp-1-97-ans-p039.jpg,0.9985225200653076,50,231,35,176,482,453
COMP-0632,comp-1-97-ans-p039.jpg,0.9988865256309509,50,481,35,426,482,662
COMP-0633,comp-1-97-ans-p039.jpg,0.9987825155258179,50,690,35,635,482,909
COMP-0634,comp-1-97-ans-p039.jpg,0.9991312026977539,50,937,35,882,482,942
COMP-0635,comp-1-97-ans-p039.jpg,0.9996195435523987,50,969,35,914,482,1050
COMP-0636,comp-1-97-ans-p039.jpg,0.998913586139679,50,1078,35,1023,482,1240
COMP-0637,comp-1-97-ans-p039.jpg,0.9986274242401123,487,89,427,34,875,95
COMP-0638,comp-1-97-ans-p039.jpg,0.9985255002975464,487,123,427,68,875,202
COMP-0639,comp-1-97-ans-p039.jpg,0.9987490773200989,488,230,427,175,875,238
COMP-0640,comp-1-97-ans-p039.jpg,0.9988061785697937,487,266,427,211,875,274
COMP-0641,comp-1-97-ans-p039.jpg,0.9985511302947998,487,302,427,247,875,416
COMP-0642,comp-1-97-ans-p039.jpg,0.9990456104278564,487,444,427,389,875,451
COMP-0643,comp-1-97-ans-p039.jpg,0.9991889595985413,488,479,427,424,875,486
COMP-0644,comp-1-97-ans-p039.jpg,0.9988290667533875,487,514,427,459,875,591
COMP-0645,comp-1-97-ans-p039.jpg,0.9990971684455872,487,619,427,564,875,627
COMP-0646,comp-1-97-ans-p039.jpg,0.9991200566291809,487,655,427,600,875,662
COMP-0647,comp-1-97-ans-p039.jpg,0.9988342523574829,487,690,427,635,875,768
COMP-0648,comp-1-97-ans-p039.jpg,0.9990694522857666,487,796,427,741,875,803
COMP-0649,comp-1-97-ans-p039.jpg,0.9989071488380432,487,831,427,776,875,942
COMP-0650,comp-1-97-ans-p039.jpg,0.9991886019706726,487,970,427,915,875,978
COMP-0651,comp-1-97-ans-p039.jpg,0.9988101720809937,487,1006,427,951,875,1118
COMP-0652,comp-1-97-ans-p039.jpg,0.9991647601127625,487,1146,427,1091,875,1152
COMP-0653,comp-1-97-ans-p039.jpg,0.9991101026535034,487,1180,427,1125,875,1240
COMP-0654,comp-1-97-ans-p040.jpg,0.9987733960151672,50,155,35,100,482,166
COMP-0655,comp-1-97-ans-p040.jpg,0.9987744092941284,50,194,35,139,482,203
COMP-0656,comp-1-97-ans-p040.jpg,0.9988915324211121,50,231,35,176,482,239
COMP-0657,comp-1-97-ans-p040.jpg,0.998763918876648,50,267,35,212,482,277
COMP-0658,comp-1-97-ans-p040.jpg,0.998881995677948,50,305,35,250,482,314
COMP-0659,comp-1-97-ans-p040.jpg,0.9988319277763367,50,342,35,287,482,351
COMP-0660,comp-1-97-ans-p040.jpg,0.9988408088684082,50,379,35,324,482,389
COMP-0661,comp-1-97-ans-p040.jpg,0.998947262763977,50,417,35,362,482,424
COMP-0662,comp-1-97-ans-p040.jpg,0.998898983001709,50,452,35,397,482,461
COMP-0663,comp-1-97-ans-p040.jpg,0.9990943074226379,50,489,35,434,482,499
COMP-0664,comp-1-97-ans-p040.jpg,0.9990434646606445,50,527,35,472,482,536
COMP-0665,comp-1-97-ans-p040.jpg,0.999001681804657,50,564,35,509,482,573
COMP-0666,comp-1-97-ans-p040.jpg,0.9987758994102478,50,601,35,546,482,984
COMP-0667,comp-1-97-ans-p040.jpg,0.9988718628883362,50,1012,35,957,482,1240
COMP-0668,comp-1-97-ans-p040.jpg,0.9984442591667175,426,85,427,30,875,349
COMP-0669,comp-1-97-ans-p040.jpg,0.9987937808036804,425,377,427,322,875,534
COMP-0670,comp-1-97-ans-p040.jpg,0.9990979433059692,425,562,427,507,875,573
COMP-0671,comp-1-97-ans-p040.jpg,0.9987977147102356,425,601,427,546,875,907
COMP-0672,comp-1-97-ans-p040.jpg,0.9993178248405457,425,935,427,880,875,1133
COMP-0673,comp-1-97-ans-p040.jpg,0.9991236329078674,425,1161,427,1106,875,1167
COMP-0674,comp-1-97-ans-p040.jpg,0.9991208910942078,425,1195,427,1140,875,1240
COMP-0675,comp-1-97-ans-p041.jpg,0.9987669587135315,50,45,35,0,482,60
COMP-0676,comp-1-97-ans-p041.jpg,0.9990111589431763,50,81,35,26,482,90
COMP-0677,comp-1-97-ans-p041.jpg,0.9988027215003967,50,118,35,63,482,125
COMP-0678,comp-1-97-ans-p041.jpg,0.9988760352134705,50,153,35,98,482,164
COMP-0679,comp-1-97-ans-p041.jpg,0.9991695284843445,50,192,35,137,482,200
COMP-0680,comp-1-97-ans-p041.jpg,0.9989738464355469,50,228,35,173,482,237
COMP-0681,comp-1-97-ans-p041.jpg,0.9988024234771729,50,265,35,210,482,384
COMP-0682,comp-1-97-ans-p041.jpg,0.9988279938697815,50,412,35,357,482,422
COMP-0683,comp-1-97-ans-p041.jpg,0.9991204738616943,50,450,35,395,482,458
COMP-0684,comp-1-97-ans-p041.jpg,0.9991238117218018,50,486,35,431,482,495
COMP-0685,comp-1-97-ans-p041.jpg,0.999010443687439,50,523,35,468,482,531
COMP-0686,comp-1-97-ans-p041.jpg,0.9988874793052673,50,559,35,504,482,861
COMP-0687,comp-1-97-ans-p041.jpg,0.9991694092750549,50,889,35,834,482,896
COMP-0688,comp-1-97-ans-p041.jpg,0.9990968704223633,50,924,35,869,482,933
COMP-0689,comp-1-97-ans-p041.jpg,0.9991389513015747,50,961,35,906,482,966
COMP-0690,comp-1-97-ans-p041.jpg,0.9991635680198669,50,994,35,939,482,1005
COMP-0691,comp-1-97-ans-p041.jpg,0.9991791248321533,50,1033,35,978,482,1041
COMP-0692,comp-1-97-ans-p041.jpg,0.9990531206130981,50,1069,35,1014,482,1077
COMP-0693,comp-1-97-ans-p041.jpg,0.9990496635437012,50,1105,35,1050,482,1112
COMP-0694,comp-1-97-ans-p041.jpg,0.9989745020866394,50,1140,35,1085,482,1149
COMP-0695,comp-1-97-ans-p041.jpg,0.9993748068809509,50,1177,35,1122,482,1240
COMP-0696,comp-1-97-ans-p041.jpg,0.998327910900116,511,45,427,0,875,162
COMP-0697,comp-1-97-ans-p041.jpg,0.9987726807594299,471,190,427,135,875,309
COMP-0698,comp-1-97-ans-p041.jpg,0.9988787770271301,472,337,427,282,875,493
COMP-0699,comp-1-97-ans-p041.jpg,0.9990923404693604,473,521,427,466,875,530
COMP-0700,comp-1-97-ans-p041.jpg,0.9990001916885376,471,558,427,503,875,566
COMP-0701,comp-1-97-ans-p041.jpg,0.9995913505554199,471,594,427,539,875,677
COMP-0702,comp-1-97-ans-p041.jpg,0.9989234209060669,473,705,427,650,875,933
COMP-0703,comp-1-97-ans-p041.jpg,0.9989827275276184,472,961,427,906,875,1153
COMP-0704,comp-1-97-ans-p041.jpg,0.999204158782959,471,1181,427,1126,875,1240
COMP-0705,comp-1-97-ans-p042.jpg,0.9989733099937439,50,393,35,338,482,1240
COMP-0706,comp-1-97-ans-p042.jpg,0.998900294303894,425,73,427,18,875,291
COMP-0707,comp-1-97-ans-p042.jpg,0.9989185929298401,425,319,427,264,875,434
COMP-0708,comp-1-97-ans-p042.jpg,0.9988538026809692,425,462,427,407,875,506
COMP-0709,comp-1-97-ans-p042.jpg,0.9988974332809448,425,534,427,479,875,1240
COMP-0710,comp-1-97-ans-p043.jpg,0.9989201426506042,475,79,427,24,875,1240
