id,page,col,match_y,new_y0,new_y1,segments,width,height
COMP-0001,comp-1-97-ans-p002.jpg,L,289,287,434,1,720,215
COMP-0002,comp-1-97-ans-p002.jpg,L,436,434,767,1,720,401
COMP-0003,comp-1-97-ans-p002.jpg,L,769,767,913,1,720,214
COMP-0004,comp-1-97-ans-p002.jpg,L,915,913,1023,1,720,178
COMP-0005,comp-1-97-ans-p002.jpg,L,1025,1023,1131,1,720,176
COMP-0006,comp-1-97-ans-p002.jpg,L,1133,1131,1167,1,720,104
COMP-0007,comp-1-97-ans-p002.jpg,L,1169,1167,1245,2,720,412
COMP-0008,comp-1-97-ans-p002.jpg,R,290,288,325,1,720,105
COMP-0009,comp-1-97-ans-p002.jpg,R,327,325,434,1,720,177
COMP-0010,comp-1-97-ans-p002.jpg,R,436,434,471,1,720,105
COMP-0011,comp-1-97-ans-p002.jpg,R,473,471,508,1,720,105
COMP-0012,comp-1-97-ans-p002.jpg,R,510,508,543,1,720,103
COMP-0013,comp-1-97-ans-p002.jpg,R,545,543,691,1,720,216
COMP-0014,comp-1-97-ans-p002.jpg,R,693,691,801,1,720,178
COMP-0015,comp-1-97-ans-p002.jpg,R,803,801,837,1,720,104
COMP-0016,comp-1-97-ans-p002.jpg,R,839,837,982,1,720,213
COMP-0017,comp-1-97-ans-p002.jpg,R,984,982,1017,1,720,103
COMP-0018,comp-1-97-ans-p002.jpg,R,1019,1017,1199,1,720,249
COMP-0019,comp-1-97-ans-p002.jpg,R,1201,1199,1245,2,720,155
COMP-0020,comp-1-97-ans-p003.jpg,L,65,63,168,1,720,173
COMP-0021,comp-1-97-ans-p003.jpg,L,170,168,275,1,720,175
COMP-0022,comp-1-97-ans-p003.jpg,L,277,275,558,1,720,351
COMP-0023,comp-1-97-ans-p003.jpg,L,560,558,663,1,720,173
COMP-0024,comp-1-97-ans-p003.jpg,L,665,663,767,1,720,172
COMP-0025,comp-1-97-ans-p003.jpg,L,769,767,801,1,720,102
COMP-0026,comp-1-97-ans-p003.jpg,L,803,801,836,1,720,103
COMP-0027,comp-1-97-ans-p003.jpg,L,838,836,941,1,720,173
COMP-0028,comp-1-97-ans-p003.jpg,L,943,941,1079,1,720,206
COMP-0029,comp-1-97-ans-p003.jpg,L,1081,1079,1184,1,720,172
COMP-0030,comp-1-97-ans-p003.jpg,L,1186,1184,1245,2,720,240
COMP-0031,comp-1-97-ans-p003.jpg,R,137,135,345,1,720,278
COMP-0032,comp-1-97-ans-p003.jpg,R,347,345,591,1,720,314
COMP-0033,comp-1-97-ans-p003.jpg,R,593,591,838,1,720,314
COMP-0034,comp-1-97-ans-p003.jpg,R,840,838,906,1,720,136
COMP-0035,comp-1-97-ans-p003.jpg,R,908,906,1012,1,720,174
COMP-0036,comp-1-97-ans-p003.jpg,R,1014,1012,1189,1,720,245
COMP-0037,comp-1-97-ans-p003.jpg,R,1191,1189,1245,2,720,157
COMP-0038,comp-1-97-ans-p004.jpg,L,65,63,345,1,720,350
COMP-0039,comp-1-97-ans-p004.jpg,L,347,345,450,1,720,173
COMP-0040,comp-1-97-ans-p004.jpg,L,452,450,591,1,720,209
COMP-0041,comp-1-97-ans-p004.jpg,L,593,591,767,1,720,244
COMP-0042,comp-1-97-ans-p004.jpg,L,769,767,908,1,720,209
COMP-0043,comp-1-97-ans-p004.jpg,L,910,908,1081,1,720,241
COMP-0044,comp-1-97-ans-p004.jpg,L,1083,1081,1245,2,720,369
COMP-0045,comp-1-97-ans-p004.jpg,R,171,169,450,1,720,349
COMP-0046,comp-1-97-ans-p004.jpg,R,452,450,767,1,720,385
COMP-0047,comp-1-97-ans-p004.jpg,R,769,767,871,1,720,172
COMP-0048,comp-1-97-ans-p004.jpg,R,873,871,1245,2,720,482
COMP-0049,comp-1-97-ans-p005.jpg,L,64,62,202,1,720,208
COMP-0050,comp-1-97-ans-p005.jpg,L,204,202,415,1,720,281
COMP-0051,comp-1-97-ans-p005.jpg,L,417,415,519,1,720,172
COMP-0052,comp-1-97-ans-p005.jpg,L,521,519,591,1,720,140
COMP-0053,comp-1-97-ans-p005.jpg,L,593,591,695,1,720,172
COMP-0054,comp-1-97-ans-p005.jpg,L,697,695,905,1,720,278
COMP-0055,comp-1-97-ans-p005.jpg,L,907,905,941,1,720,104
COMP-0056,comp-1-97-ans-p005.jpg,L,943,941,1153,1,720,280
COMP-0057,comp-1-97-ans-p005.jpg,L,1155,1153,1188,1,720,103
COMP-0058,comp-1-97-ans-p005.jpg,L,1190,1188,1245,2,720,268
COMP-0059,comp-1-97-ans-p005.jpg,R,169,167,307,1,720,208
COMP-0060,comp-1-97-ans-p005.jpg,R,309,307,413,1,720,174
COMP-0061,comp-1-97-ans-p005.jpg,R,415,413,623,1,720,278
COMP-0062,comp-1-97-ans-p005.jpg,R,625,623,765,1,720,210
COMP-0063,comp-1-97-ans-p005.jpg,R,767,765,941,1,720,244
COMP-0064,comp-1-97-ans-p005.jpg,R,943,941,1084,1,720,211
COMP-0065,comp-1-97-ans-p005.jpg,R,1086,1084,1192,1,720,176
COMP-0066,comp-1-97-ans-p005.jpg,R,1194,1192,1245,2,720,190
COMP-0067,comp-1-97-ans-p006.jpg,L,116,114,290,1,720,244
COMP-0068,comp-1-97-ans-p006.jpg,L,292,290,359,1,720,137
COMP-0069,comp-1-97-ans-p006.jpg,L,361,359,500,1,720,208
COMP-0070,comp-1-97-ans-p006.jpg,L,502,500,606,1,720,174
COMP-0071,comp-1-97-ans-p006.jpg,L,608,606,711,1,720,173
COMP-0072,comp-1-97-ans-p006.jpg,L,713,711,815,1,720,172
COMP-0073,comp-1-97-ans-p006.jpg,L,817,815,991,1,720,244
COMP-0074,comp-1-97-ans-p006.jpg,L,993,991,1059,1,720,136
COMP-0075,comp-1-97-ans-p006.jpg,L,1061,1059,1245,2,720,555
COMP-0076,comp-1-97-ans-p006.jpg,R,325,323,463,1,720,208
COMP-0077,comp-1-97-ans-p006.jpg,R,465,463,497,1,720,102
COMP-0078,comp-1-97-ans-p006.jpg,R,499,497,639,1,720,210
COMP-0079,comp-1-97-ans-p006.jpg,R,641,639,813,1,720,242
COMP-0080,comp-1-97-ans-p006.jpg,R,815,813,848,1,720,103
COMP-0081,comp-1-97-ans-p006.jpg,R,850,848,883,1,720,103
COMP-0082,comp-1-97-ans-p006.jpg,R,885,883,917,1,720,102
COMP-0083,comp-1-97-ans-p006.jpg,R,919,917,951,1,720,102
COMP-0084,comp-1-97-ans-p006.jpg,R,953,951,987,1,720,104
COMP-0085,comp-1-97-ans-p006.jpg,R,989,987,1092,1,720,173
COMP-0086,comp-1-97-ans-p006.jpg,R,1094,1092,1127,1,720,103
COMP-0087,comp-1-97-ans-p006.jpg,R,1129,1127,1161,1,720,102
COMP-0088,comp-1-97-ans-p006.jpg,R,1163,1161,1192,1,720,99
COMP-0089,comp-1-97-ans-p006.jpg,R,1194,1192,1245,1,720,121
COMP-0090,comp-1-97-ans-p007.jpg,R,73,71,106,1,720,103
COMP-0091,comp-1-97-ans-p007.jpg,R,108,106,399,1,720,361
COMP-0092,comp-1-97-ans-p007.jpg,R,401,399,523,1,720,192
COMP-0093,comp-1-97-ans-p007.jpg,R,525,523,879,1,720,424
COMP-0094,comp-1-97-ans-p007.jpg,R,881,879,911,1,720,100
COMP-0095,comp-1-97-ans-p007.jpg,R,913,911,941,1,720,98
COMP-0096,comp-1-97-ans-p007.jpg,R,939,937,1245,2,720,627
COMP-0097,comp-1-97-ans-p008.jpg,L,297,295,471,1,720,244
COMP-0098,comp-1-97-ans-p008.jpg,L,473,471,580,1,720,176
COMP-0099,comp-1-97-ans-p008.jpg,L,582,580,796,1,720,284
COMP-0100,comp-1-97-ans-p008.jpg,L,798,796,938,1,720,210
COMP-0101,comp-1-97-ans-p008.jpg,L,940,938,975,1,720,105
COMP-0102,comp-1-97-ans-p008.jpg,L,977,975,1154,1,720,247
COMP-0103,comp-1-97-ans-p008.jpg,L,1156,1154,1245,2,720,171
COMP-0104,comp-1-97-ans-p008.jpg,R,92,90,330,1,720,308
COMP-0105,comp-1-97-ans-p008.jpg,R,332,330,439,1,720,177
COMP-0106,comp-1-97-ans-p008.jpg,R,441,439,617,1,720,246
COMP-0107,comp-1-97-ans-p008.jpg,R,619,617,1015,1,720,466
COMP-0108,comp-1-97-ans-p008.jpg,R,1017,1015,1124,1,720,177
COMP-0109,comp-1-97-ans-p008.jpg,R,1126,1124,1245,2,720,273
COMP-0110,comp-1-97-ans-p009.jpg,L,108,106,143,1,720,105
COMP-0111,comp-1-97-ans-p009.jpg,L,145,143,177,1,720,102
COMP-0112,comp-1-97-ans-p009.jpg,L,179,177,215,1,720,106
COMP-0113,comp-1-97-ans-p009.jpg,L,217,215,250,1,720,103
COMP-0114,comp-1-97-ans-p009.jpg,L,252,250,287,1,720,105
COMP-0115,comp-1-97-ans-p009.jpg,L,289,287,393,1,720,174
COMP-0116,comp-1-97-ans-p009.jpg,L,395,393,501,1,720,176
COMP-0117,comp-1-97-ans-p009.jpg,L,503,501,536,1,720,103
COMP-0118,comp-1-97-ans-p009.jpg,L,538,536,679,1,720,210
COMP-0119,comp-1-97-ans-p009.jpg,L,681,679,783,1,720,172
COMP-0120,comp-1-97-ans-p009.jpg,L,785,783,962,1,720,247
COMP-0121,comp-1-97-ans-p009.jpg,L,964,962,1137,1,720,243
COMP-0122,comp-1-97-ans-p009.jpg,L,1139,1137,1171,1,720,102
COMP-0123,comp-1-97-ans-p009.jpg,L,1173,1171,1245,2,720,177
COMP-0124,comp-1-97-ans-p009.jpg,R,71,69,104,1,720,103
COMP-0125,comp-1-97-ans-p009.jpg,R,106,104,287,1,720,250
COMP-0126,comp-1-97-ans-p009.jpg,R,289,287,431,1,720,212
COMP-0127,comp-1-97-ans-p009.jpg,R,433,431,645,1,720,282
COMP-0128,comp-1-97-ans-p009.jpg,R,647,645,823,1,720,246
COMP-0129,comp-1-97-ans-p009.jpg,R,825,823,930,1,720,175
COMP-0130,comp-1-97-ans-p009.jpg,R,932,930,1037,1,720,175
COMP-0131,comp-1-97-ans-p009.jpg,R,1039,1037,1245,2,720,370
COMP-0132,comp-1-97-ans-p010.jpg,L,141,139,284,1,720,213
COMP-0133,comp-1-97-ans-p010.jpg,L,286,284,500,1,720,284
COMP-0134,comp-1-97-ans-p010.jpg,L,502,500,647,1,720,215
COMP-0135,comp-1-97-ans-p010.jpg,L,649,647,681,1,720,102
COMP-0136,comp-1-97-ans-p010.jpg,L,683,681,791,1,720,178
COMP-0137,comp-1-97-ans-p010.jpg,L,793,791,826,1,720,103
COMP-0138,comp-1-97-ans-p010.jpg,L,828,826,863,1,720,105
COMP-0139,comp-1-97-ans-p010.jpg,L,865,863,935,1,720,140
COMP-0140,comp-1-97-ans-p010.jpg,L,937,935,1079,1,720,212
COMP-0141,comp-1-97-ans-p010.jpg,L,1081,1079,1245,2,720,340
COMP-0142,comp-1-97-ans-p010.jpg,R,139,137,317,1,720,248
COMP-0143,comp-1-97-ans-p010.jpg,R,319,317,499,1,720,250
COMP-0144,comp-1-97-ans-p010.jpg,R,501,499,753,1,720,322
COMP-0145,comp-1-97-ans-p010.jpg,R,755,753,1007,1,720,322
COMP-0146,comp-1-97-ans-p010.jpg,R,1009,1007,1245,2,720,457
COMP-0147,comp-1-97-ans-p011.jpg,L,175,173,208,1,720,103
COMP-0148,comp-1-97-ans-p011.jpg,L,210,208,355,1,720,214
COMP-0149,comp-1-97-ans-p011.jpg,L,357,355,682,1,720,395
COMP-0150,comp-1-97-ans-p011.jpg,L,684,682,827,1,720,213
COMP-0151,comp-1-97-ans-p011.jpg,L,829,827,1007,1,720,248
COMP-0152,comp-1-97-ans-p011.jpg,L,1009,1007,1186,1,720,247
COMP-0153,comp-1-97-ans-p011.jpg,L,1188,1186,1245,2,720,200
COMP-0154,comp-1-97-ans-p011.jpg,R,102,100,244,1,720,212
COMP-0155,comp-1-97-ans-p011.jpg,R,246,244,465,1,720,289
COMP-0156,comp-1-97-ans-p011.jpg,R,467,465,501,1,720,104
COMP-0157,comp-1-97-ans-p011.jpg,R,503,501,647,1,720,214
COMP-0158,comp-1-97-ans-p011.jpg,R,649,647,681,1,720,102
COMP-0159,comp-1-97-ans-p011.jpg,R,683,681,719,1,720,106
COMP-0160,comp-1-97-ans-p011.jpg,R,721,719,935,1,720,284
COMP-0161,comp-1-97-ans-p011.jpg,R,937,935,1043,1,720,176
COMP-0162,comp-1-97-ans-p011.jpg,R,1045,1043,1079,1,720,104
COMP-0163,comp-1-97-ans-p011.jpg,R,1081,1079,1245,2,720,303
COMP-0164,comp-1-97-ans-p012.jpg,L,108,106,213,1,720,175
COMP-0165,comp-1-97-ans-p012.jpg,L,215,213,358,1,720,213
COMP-0166,comp-1-97-ans-p012.jpg,L,360,358,466,1,720,176
COMP-0167,comp-1-97-ans-p012.jpg,L,468,466,503,1,720,105
COMP-0168,comp-1-97-ans-p012.jpg,L,505,503,645,1,720,210
COMP-0169,comp-1-97-ans-p012.jpg,L,647,645,681,1,720,104
COMP-0170,comp-1-97-ans-p012.jpg,L,683,681,896,1,720,283
COMP-0171,comp-1-97-ans-p012.jpg,L,898,896,1079,1,720,251
COMP-0172,comp-1-97-ans-p012.jpg,L,1081,1079,1245,2,720,273
COMP-0173,comp-1-97-ans-p012.jpg,R,71,69,213,1,720,212
COMP-0174,comp-1-97-ans-p012.jpg,R,215,213,320,1,720,175
COMP-0175,comp-1-97-ans-p012.jpg,R,322,320,355,1,720,103
COMP-0176,comp-1-97-ans-p012.jpg,R,357,355,463,1,720,176
COMP-0177,comp-1-97-ans-p012.jpg,R,465,463,571,1,720,176
COMP-0178,comp-1-97-ans-p012.jpg,R,573,571,679,1,720,176
COMP-0179,comp-1-97-ans-p012.jpg,R,681,679,716,1,720,105
COMP-0180,comp-1-97-ans-p012.jpg,R,718,716,860,1,720,212
COMP-0181,comp-1-97-ans-p012.jpg,R,862,860,896,1,720,104
COMP-0182,comp-1-97-ans-p012.jpg,R,898,896,933,1,720,105
COMP-0183,comp-1-97-ans-p012.jpg,R,935,933,970,1,720,105
COMP-0184,comp-1-97-ans-p012.jpg,R,972,970,1113,1,720,211
COMP-0185,comp-1-97-ans-p012.jpg,R,1115,1113,1245,2,720,284
COMP-0186,comp-1-97-ans-p013.jpg,L,108,106,143,1,720,105
COMP-0187,comp-1-97-ans-p013.jpg,L,145,143,252,1,720,177
COMP-0188,comp-1-97-ans-p013.jpg,L,254,252,361,1,720,177
COMP-0189,comp-1-97-ans-p013.jpg,L,363,361,397,1,720,104
COMP-0190,comp-1-97-ans-p013.jpg,L,399,397,433,1,720,104
COMP-0191,comp-1-97-ans-p013.jpg,L,435,433,469,1,720,104
COMP-0192,comp-1-97-ans-p013.jpg,L,471,469,505,1,720,104
COMP-0193,comp-1-97-ans-p013.jpg,L,507,505,541,1,720,104
COMP-0194,comp-1-97-ans-p013.jpg,L,543,541,576,1,720,103
COMP-0195,comp-1-97-ans-p013.jpg,L,578,576,613,1,720,105
COMP-0196,comp-1-97-ans-p013.jpg,L,615,613,649,1,720,104
COMP-0197,comp-1-97-ans-p013.jpg,L,651,649,793,1,720,212
COMP-0198,comp-1-97-ans-p013.jpg,L,795,793,903,1,720,178
COMP-0199,comp-1-97-ans-p013.jpg,L,905,903,1245,2,720,840
COMP-0200,comp-1-97-ans-p013.jpg,R,471,469,831,1,720,430
COMP-0201,comp-1-97-ans-p013.jpg,R,833,831,1245,2,720,606
COMP-0202,comp-1-97-ans-p014.jpg,L,151,149,1245,1,720,725
COMP-0203,comp-1-97-ans-p014.jpg,R,45,43,401,1,720,426
COMP-0204,comp-1-97-ans-p014.jpg,R,403,401,1245,2,720,1196
COMP-0205,comp-1-97-ans-p015.jpg,L,308,306,452,1,720,214
COMP-0206,comp-1-97-ans-p015.jpg,L,454,452,669,1,720,285
COMP-0207,comp-1-97-ans-p015.jpg,L,671,669,706,1,720,105
COMP-0208,comp-1-97-ans-p015.jpg,L,708,706,852,1,720,214
COMP-0209,comp-1-97-ans-p015.jpg,L,854,852,1071,1,720,287
COMP-0210,comp-1-97-ans-p015.jpg,L,1073,1071,1245,2,720,283
COMP-0211,comp-1-97-ans-p015.jpg,R,103,101,131,1,720,98
COMP-0212,comp-1-97-ans-p015.jpg,R,123,121,417,1,720,364
COMP-0213,comp-1-97-ans-p015.jpg,R,419,417,527,1,720,178
COMP-0214,comp-1-97-ans-p015.jpg,R,529,527,562,1,720,103
COMP-0215,comp-1-97-ans-p015.jpg,R,564,562,890,1,720,396
COMP-0216,comp-1-97-ans-p015.jpg,R,892,890,927,1,720,105
COMP-0217,comp-1-97-ans-p015.jpg,R,929,927,963,1,720,104
COMP-0218,comp-1-97-ans-p015.jpg,R,965,963,1075,1,720,180
COMP-0219,comp-1-97-ans-p015.jpg,R,1077,1075,1183,1,720,176
COMP-0220,comp-1-97-ans-p015.jpg,R,1185,1183,1245,2,720,263
COMP-0221,comp-1-97-ans-p016.jpg,L,183,181,324,1,720,211
COMP-0222,comp-1-97-ans-p016.jpg,L,326,324,396,1,720,140
COMP-0223,comp-1-97-ans-p016.jpg,L,398,396,647,1,720,319
COMP-0224,comp-1-97-ans-p016.jpg,L,649,647,1009,1,720,430
COMP-0225,comp-1-97-ans-p016.jpg,L,1011,1009,1245,2,720,386
COMP-0226,comp-1-97-ans-p016.jpg,R,113,111,252,1,720,209
COMP-0227,comp-1-97-ans-p016.jpg,R,254,252,431,1,720,247
COMP-0228,comp-1-97-ans-p016.jpg,R,433,431,466,1,720,103
COMP-0229,comp-1-97-ans-p016.jpg,R,468,466,682,1,720,284
COMP-0230,comp-1-97-ans-p016.jpg,R,684,682,827,1,720,213
COMP-0231,comp-1-97-ans-p016.jpg,R,829,827,935,1,720,176
COMP-0232,comp-1-97-ans-p016.jpg,R,937,935,1044,1,720,177
COMP-0233,comp-1-97-ans-p016.jpg,R,1046,1044,1245,2,720,323
COMP-0234,comp-1-97-ans-p017.jpg,L,78,76,255,1,720,247
COMP-0235,comp-1-97-ans-p017.jpg,L,257,255,399,1,720,212
COMP-0236,comp-1-97-ans-p017.jpg,L,401,399,505,1,720,174
COMP-0237,comp-1-97-ans-p017.jpg,L,507,505,613,1,720,176
COMP-0238,comp-1-97-ans-p017.jpg,L,615,613,754,1,720,209
COMP-0239,comp-1-97-ans-p017.jpg,L,756,754,860,1,720,174
COMP-0240,comp-1-97-ans-p017.jpg,L,862,860,897,1,720,105
COMP-0241,comp-1-97-ans-p017.jpg,L,899,897,1002,1,720,173
COMP-0242,comp-1-97-ans-p017.jpg,L,1004,1002,1245,2,720,349
COMP-0243,comp-1-97-ans-p017.jpg,R,77,75,255,1,720,248
COMP-0244,comp-1-97-ans-p017.jpg,R,257,255,363,1,720,176
COMP-0245,comp-1-97-ans-p017.jpg,R,365,363,647,1,720,352
COMP-0246,comp-1-97-ans-p017.jpg,R,649,647,755,1,720,176
COMP-0247,comp-1-97-ans-p017.jpg,R,757,755,1004,1,720,317
COMP-0248,comp-1-97-ans-p017.jpg,R,1006,1004,1111,1,720,175
COMP-0249,comp-1-97-ans-p017.jpg,R,1113,1111,1245,2,720,300
COMP-0250,comp-1-97-ans-p018.jpg,L,155,153,335,1,720,250
COMP-0251,comp-1-97-ans-p018.jpg,L,337,335,439,1,720,172
COMP-0252,comp-1-97-ans-p018.jpg,L,441,439,690,1,720,318
COMP-0253,comp-1-97-ans-p018.jpg,L,692,690,727,1,720,105
COMP-0254,comp-1-97-ans-p018.jpg,L,729,727,868,1,720,209
COMP-0255,comp-1-97-ans-p018.jpg,L,870,868,1154,1,720,354
COMP-0256,comp-1-97-ans-p018.jpg,L,1156,1154,1188,1,720,102
COMP-0257,comp-1-97-ans-p018.jpg,L,1190,1188,1245,2,720,246
COMP-0258,comp-1-97-ans-p018.jpg,R,153,151,259,1,720,176
COMP-0259,comp-1-97-ans-p018.jpg,R,261,259,367,1,720,176
COMP-0260,comp-1-97-ans-p018.jpg,R,369,367,400,1,720,101
COMP-0261,comp-1-97-ans-p018.jpg,R,402,400,511,1,720,177
COMP-0262,comp-1-97-ans-p018.jpg,R,513,511,545,1,720,102
COMP-0263,comp-1-97-ans-p018.jpg,R,547,545,724,1,720,247
COMP-0264,comp-1-97-ans-p018.jpg,R,726,724,903,1,720,247
COMP-0265,comp-1-97-ans-p018.jpg,R,905,903,1117,1,720,282
COMP-0266,comp-1-97-ans-p018.jpg,R,1119,1117,1152,1,720,103
COMP-0267,comp-1-97-ans-p018.jpg,R,1154,1152,1188,1,720,104
COMP-0268,comp-1-97-ans-p018.jpg,R,1190,1188,1245,2,720,1103
COMP-0269,comp-1-97-ans-p019.jpg,L,1002,1000,1245,2,720,921
COMP-0270,comp-1-97-ans-p019.jpg,R,642,640,1245,2,720,866
COMP-0271,comp-1-97-ans-p020.jpg,L,309,307,343,1,720,104
COMP-0272,comp-1-97-ans-p020.jpg,L,345,343,450,1,720,175
COMP-0273,comp-1-97-ans-p020.jpg,L,452,450,487,1,720,105
COMP-0274,comp-1-97-ans-p020.jpg,L,489,487,523,1,720,104
COMP-0275,comp-1-97-ans-p020.jpg,L,525,523,631,1,720,176
COMP-0276,comp-1-97-ans-p020.jpg,L,633,631,775,1,720,212
COMP-0277,comp-1-97-ans-p020.jpg,L,777,775,919,1,720,212
COMP-0278,comp-1-97-ans-p020.jpg,L,921,919,956,1,720,105
COMP-0279,comp-1-97-ans-p020.jpg,L,958,956,1063,1,720,175
COMP-0280,comp-1-97-ans-p020.jpg,L,1065,1063,1245,2,720,513
COMP-0281,comp-1-97-ans-p020.jpg,R,310,308,416,1,720,176
COMP-0282,comp-1-97-ans-p020.jpg,R,418,416,525,1,720,177
COMP-0283,comp-1-97-ans-p020.jpg,R,527,525,633,1,720,176
COMP-0284,comp-1-97-ans-p020.jpg,R,635,633,669,1,720,104
COMP-0285,comp-1-97-ans-p020.jpg,R,671,669,775,1,720,174
COMP-0286,comp-1-97-ans-p020.jpg,R,777,775,920,1,720,212
COMP-0287,comp-1-97-ans-p020.jpg,R,922,920,959,1,720,107
COMP-0288,comp-1-97-ans-p020.jpg,R,961,959,1173,1,720,282
COMP-0289,comp-1-97-ans-p020.jpg,R,1175,1173,1245,2,720,264
COMP-0290,comp-1-97-ans-p021.jpg,L,148,146,183,1,720,105
COMP-0291,comp-1-97-ans-p021.jpg,L,185,183,216,1,720,101
COMP-0292,comp-1-97-ans-p021.jpg,L,218,216,327,1,720,178
COMP-0293,comp-1-97-ans-p021.jpg,L,329,327,362,1,720,103
COMP-0294,comp-1-97-ans-p021.jpg,L,364,362,399,1,720,105
COMP-0295,comp-1-97-ans-p021.jpg,L,401,399,543,1,720,212
COMP-0296,comp-1-97-ans-p021.jpg,L,545,543,792,1,720,317
COMP-0297,comp-1-97-ans-p021.jpg,L,794,792,828,1,720,104
COMP-0298,comp-1-97-ans-p021.jpg,L,830,828,863,1,720,103
COMP-0299,comp-1-97-ans-p021.jpg,L,865,863,899,1,720,104
COMP-0300,comp-1-97-ans-p021.jpg,L,901,899,935,1,720,104
COMP-0301,comp-1-97-ans-p021.jpg,L,937,935,969,1,720,102
COMP-0302,comp-1-97-ans-p021.jpg,L,971,969,1007,1,720,105
COMP-0303,comp-1-97-ans-p021.jpg,L,1009,1007,1043,1,720,104
COMP-0304,comp-1-97-ans-p021.jpg,L,1045,1043,1151,1,720,176
COMP-0305,comp-1-97-ans-p021.jpg,L,1153,1151,1186,1,720,103
COMP-0306,comp-1-97-ans-p021.jpg,L,1188,1186,1245,2,720,168
COMP-0307,comp-1-97-ans-p021.jpg,R,78,76,111,1,720,103
COMP-0308,comp-1-97-ans-p021.jpg,R,113,111,144,1,720,101
COMP-0309,comp-1-97-ans-p021.jpg,R,146,144,178,1,720,102
COMP-0310,comp-1-97-ans-p021.jpg,R,180,178,212,1,720,102
COMP-0311,comp-1-97-ans-p021.jpg,R,214,212,247,1,720,103
COMP-0312,comp-1-97-ans-p021.jpg,R,249,247,349,1,720,170
COMP-0313,comp-1-97-ans-p021.jpg,R,351,349,383,1,720,102
COMP-0314,comp-1-97-ans-p021.jpg,R,385,383,417,1,720,102
COMP-0315,comp-1-97-ans-p021.jpg,R,419,417,450,1,720,101
COMP-0316,comp-1-97-ans-p021.jpg,R,452,450,487,1,720,105
COMP-0317,comp-1-97-ans-p021.jpg,R,489,487,594,1,720,175
COMP-0318,comp-1-97-ans-p021.jpg,R,596,594,703,1,720,177
COMP-0319,comp-1-97-ans-p021.jpg,R,705,703,809,1,720,174
COMP-0320,comp-1-97-ans-p021.jpg,R,811,809,954,1,720,213
COMP-0321,comp-1-97-ans-p021.jpg,R,956,954,1135,1,720,249
COMP-0322,comp-1-97-ans-p021.jpg,R,1137,1135,1170,1,720,103
COMP-0323,comp-1-97-ans-p021.jpg,R,1172,1170,1245,2,720,335
COMP-0324,comp-1-97-ans-p022.jpg,L,261,259,295,1,720,104
COMP-0325,comp-1-97-ans-p022.jpg,L,297,295,335,1,720,108
COMP-0326,comp-1-97-ans-p022.jpg,L,337,335,471,1,720,204
COMP-0327,comp-1-97-ans-p022.jpg,L,473,471,505,1,720,102
COMP-0328,comp-1-97-ans-p022.jpg,L,507,505,677,1,720,240
COMP-0329,comp-1-97-ans-p022.jpg,L,679,677,711,1,720,102
COMP-0330,comp-1-97-ans-p022.jpg,L,713,711,746,1,720,103
COMP-0331,comp-1-97-ans-p022.jpg,L,748,746,780,1,720,102
COMP-0332,comp-1-97-ans-p022.jpg,L,782,780,815,1,720,103
COMP-0333,comp-1-97-ans-p022.jpg,L,817,815,917,1,720,170
COMP-0334,comp-1-97-ans-p022.jpg,L,919,917,952,1,720,103
COMP-0335,comp-1-97-ans-p022.jpg,L,954,952,986,1,720,102
COMP-0336,comp-1-97-ans-p022.jpg,L,988,986,1019,1,720,101
COMP-0337,comp-1-97-ans-p022.jpg,L,1021,1019,1052,1,720,101
COMP-0338,comp-1-97-ans-p022.jpg,L,1054,1052,1087,1,720,103
COMP-0339,comp-1-97-ans-p022.jpg,L,1089,1087,1191,1,720,172
COMP-0340,comp-1-97-ans-p022.jpg,L,1193,1191,1245,2,720,248
COMP-0341,comp-1-97-ans-p022.jpg,R,150,148,184,1,720,104
COMP-0342,comp-1-97-ans-p022.jpg,R,186,184,295,1,720,179
COMP-0343,comp-1-97-ans-p022.jpg,R,297,295,439,1,720,212
COMP-0344,comp-1-97-ans-p022.jpg,R,441,439,476,1,720,105
COMP-0345,comp-1-97-ans-p022.jpg,R,478,476,583,1,720,175
COMP-0346,comp-1-97-ans-p022.jpg,R,585,583,676,1,720,161
COMP-0347,comp-1-97-ans-p022.jpg,R,678,676,711,1,720,103
COMP-0348,comp-1-97-ans-p022.jpg,R,713,711,747,1,720,104
COMP-0349,comp-1-97-ans-p022.jpg,R,749,747,784,1,720,105
COMP-0350,comp-1-97-ans-p022.jpg,R,786,784,820,1,720,104
COMP-0351,comp-1-97-ans-p022.jpg,R,822,820,856,1,720,104
COMP-0352,comp-1-97-ans-p022.jpg,R,858,856,893,1,720,105
COMP-0353,comp-1-97-ans-p022.jpg,R,895,893,928,1,720,103
COMP-0354,comp-1-97-ans-p022.jpg,R,930,928,966,1,720,106
COMP-0355,comp-1-97-ans-p022.jpg,R,968,966,1002,1,720,104
COMP-0356,comp-1-97-ans-p022.jpg,R,1004,1002,1039,1,720,105
COMP-0357,comp-1-97-ans-p022.jpg,R,1041,1039,1073,1,720,102
COMP-0358,comp-1-97-ans-p022.jpg,R,1075,1073,1109,1,720,104
COMP-0359,comp-1-97-ans-p022.jpg,R,1111,1109,1145,1,720,104
COMP-0360,comp-1-97-ans-p022.jpg,R,1147,1145,1180,1,720,103
COMP-0361,comp-1-97-ans-p022.jpg,R,1182,1180,1245,2,720,160
COMP-0362,comp-1-97-ans-p023.jpg,L,66,64,96,1,720,100
COMP-0363,comp-1-97-ans-p023.jpg,L,98,96,135,1,720,105
COMP-0364,comp-1-97-ans-p023.jpg,L,137,135,171,1,720,104
COMP-0365,comp-1-97-ans-p023.jpg,L,173,171,260,1,720,157
COMP-0366,comp-1-97-ans-p023.jpg,L,262,260,368,1,720,176
COMP-0367,comp-1-97-ans-p023.jpg,L,370,368,689,1,720,389
COMP-0368,comp-1-97-ans-p023.jpg,L,691,689,1245,2,720,985
COMP-0369,comp-1-97-ans-p023.jpg,R,388,386,494,1,720,176
COMP-0370,comp-1-97-ans-p023.jpg,R,496,494,1245,2,720,1103
COMP-0371,comp-1-97-ans-p024.jpg,L,319,317,389,1,720,140
COMP-0372,comp-1-97-ans-p024.jpg,L,391,389,567,1,720,246
COMP-0373,comp-1-97-ans-p024.jpg,L,569,567,673,1,720,174
COMP-0374,comp-1-97-ans-p024.jpg,L,675,673,710,1,720,105
COMP-0375,comp-1-97-ans-p024.jpg,L,712,710,922,1,720,280
COMP-0376,comp-1-97-ans-p024.jpg,L,924,922,1029,1,720,175
COMP-0377,comp-1-97-ans-p024.jpg,L,1031,1029,1245,2,720,380
COMP-0378,comp-1-97-ans-p024.jpg,R,147,145,281,1,720,184
COMP-0379,comp-1-97-ans-p024.jpg,R,283,281,318,1,720,105
COMP-0380,comp-1-97-ans-p024.jpg,R,320,318,354,1,720,104
COMP-0381,comp-1-97-ans-p024.jpg,R,356,354,389,1,720,103
COMP-0382,comp-1-97-ans-p024.jpg,R,391,389,424,1,720,103
COMP-0383,comp-1-97-ans-p024.jpg,R,426,424,461,1,720,105
COMP-0384,comp-1-97-ans-p024.jpg,R,463,461,496,1,720,103
COMP-0385,comp-1-97-ans-p024.jpg,R,498,496,639,1,720,211
COMP-0386,comp-1-97-ans-p024.jpg,R,641,639,781,1,720,210
COMP-0387,comp-1-97-ans-p024.jpg,R,783,781,994,1,720,281
COMP-0388,comp-1-97-ans-p024.jpg,R,996,994,1136,1,720,210
COMP-0389,comp-1-97-ans-p024.jpg,R,1138,1136,1245,2,720,262
COMP-0390,comp-1-97-ans-p025.jpg,L,109,107,143,1,720,104
COMP-0391,comp-1-97-ans-p025.jpg,L,145,143,247,1,720,172
COMP-0392,comp-1-97-ans-p025.jpg,L,249,247,284,1,720,104
COMP-0393,comp-1-97-ans-p025.jpg,L,286,284,426,1,720,210
COMP-0394,comp-1-97-ans-p025.jpg,L,428,426,463,1,720,105
COMP-0395,comp-1-97-ans-p025.jpg,L,465,463,495,1,720,100
COMP-0396,comp-1-97-ans-p025.jpg,L,497,495,639,1,720,211
COMP-0397,comp-1-97-ans-p025.jpg,L,641,639,746,1,720,175
COMP-0398,comp-1-97-ans-p025.jpg,L,748,746,853,1,720,175
COMP-0399,comp-1-97-ans-p025.jpg,L,855,853,961,1,720,176
COMP-0400,comp-1-97-ans-p025.jpg,L,963,961,1069,1,720,176
COMP-0401,comp-1-97-ans-p025.jpg,L,1071,1069,1245,2,720,320
COMP-0402,comp-1-97-ans-p025.jpg,R,109,107,215,1,720,176
COMP-0403,comp-1-97-ans-p025.jpg,R,217,215,391,1,720,244
COMP-0404,comp-1-97-ans-p025.jpg,R,393,391,532,1,720,209
COMP-0405,comp-1-97-ans-p025.jpg,R,534,532,711,1,720,247
COMP-0406,comp-1-97-ans-p025.jpg,R,713,711,852,1,720,209
COMP-0407,comp-1-97-ans-p025.jpg,R,854,852,996,1,720,212
COMP-0408,comp-1-97-ans-p025.jpg,R,998,996,1141,1,720,213
COMP-0409,comp-1-97-ans-p025.jpg,R,1143,1141,1245,2,720,264
COMP-0410,comp-1-97-ans-p026.jpg,L,142,140,357,1,720,285
COMP-0411,comp-1-97-ans-p026.jpg,L,359,357,465,1,720,176
COMP-0412,comp-1-97-ans-p026.jpg,L,467,465,609,1,720,212
COMP-0413,comp-1-97-ans-p026.jpg,L,611,609,716,1,720,175
COMP-0414,comp-1-97-ans-p026.jpg,L,718,716,967,1,720,319
COMP-0415,comp-1-97-ans-p026.jpg,L,969,967,1144,1,720,245
COMP-0416,comp-1-97-ans-p026.jpg,L,1146,1144,1245,2,720,266
COMP-0417,comp-1-97-ans-p026.jpg,R,137,135,283,1,720,216
COMP-0418,comp-1-97-ans-p026.jpg,R,285,283,319,1,720,104
COMP-0419,comp-1-97-ans-p026.jpg,R,321,319,355,1,720,104
COMP-0420,comp-1-97-ans-p026.jpg,R,357,355,571,1,720,284
COMP-0421,comp-1-97-ans-p026.jpg,R,573,571,607,1,720,104
COMP-0422,comp-1-97-ans-p026.jpg,R,609,607,751,1,720,212
COMP-0423,comp-1-97-ans-p026.jpg,R,753,751,791,1,720,108
COMP-0424,comp-1-97-ans-p026.jpg,R,793,791,1000,1,720,277
COMP-0425,comp-1-97-ans-p026.jpg,R,1002,1000,1036,1,720,104
COMP-0426,comp-1-97-ans-p026.jpg,R,1038,1036,1072,1,720,104
COMP-0427,comp-1-97-ans-p026.jpg,R,1074,1072,1179,1,720,175
COMP-0428,comp-1-97-ans-p026.jpg,R,1181,1179,1245,2,720,466
COMP-0429,comp-1-97-ans-p027.jpg,L,356,354,569,1,720,282
COMP-0430,comp-1-97-ans-p027.jpg,L,571,569,607,1,720,105
COMP-0431,comp-1-97-ans-p027.jpg,L,609,607,959,1,720,420
COMP-0432,comp-1-97-ans-p027.jpg,L,961,959,993,1,720,102
COMP-0433,comp-1-97-ans-p027.jpg,L,995,993,1135,1,720,210
COMP-0434,comp-1-97-ans-p027.jpg,L,1137,1135,1245,2,720,286
COMP-0435,comp-1-97-ans-p027.jpg,R,142,140,175,1,720,103
COMP-0436,comp-1-97-ans-p027.jpg,R,177,175,321,1,720,214
COMP-0437,comp-1-97-ans-p027.jpg,R,323,321,463,1,720,210
COMP-0438,comp-1-97-ans-p027.jpg,R,465,463,569,1,720,174
COMP-0439,comp-1-97-ans-p027.jpg,R,571,569,605,1,720,104
COMP-0440,comp-1-97-ans-p027.jpg,R,607,605,644,1,720,107
COMP-0441,comp-1-97-ans-p027.jpg,R,646,644,711,1,720,135
COMP-0442,comp-1-97-ans-p027.jpg,R,713,711,889,1,720,246
COMP-0443,comp-1-97-ans-p027.jpg,R,891,889,996,1,720,175
COMP-0444,comp-1-97-ans-p027.jpg,R,998,996,1031,1,720,103
COMP-0445,comp-1-97-ans-p027.jpg,R,1033,1031,1137,1,720,174
COMP-0446,comp-1-97-ans-p027.jpg,R,1139,1137,1171,1,720,102
COMP-0447,comp-1-97-ans-p027.jpg,R,1173,1171,1245,2,720,154
COMP-0448,comp-1-97-ans-p028.jpg,L,73,71,144,1,720,141
COMP-0449,comp-1-97-ans-p028.jpg,L,146,144,253,1,720,177
COMP-0450,comp-1-97-ans-p028.jpg,L,255,253,290,1,720,105
COMP-0451,comp-1-97-ans-p028.jpg,L,292,290,363,1,720,141
COMP-0452,comp-1-97-ans-p028.jpg,L,365,363,399,1,720,104
COMP-0453,comp-1-97-ans-p028.jpg,L,401,399,435,1,720,104
COMP-0454,comp-1-97-ans-p028.jpg,L,437,435,471,1,720,104
COMP-0455,comp-1-97-ans-p028.jpg,L,473,471,508,1,720,105
COMP-0456,comp-1-97-ans-p028.jpg,L,510,508,543,1,720,103
COMP-0457,comp-1-97-ans-p028.jpg,L,545,543,580,1,720,105
COMP-0458,comp-1-97-ans-p028.jpg,L,582,580,616,1,720,104
COMP-0459,comp-1-97-ans-p028.jpg,L,618,616,652,1,720,104
COMP-0460,comp-1-97-ans-p028.jpg,L,654,652,688,1,720,104
COMP-0461,comp-1-97-ans-p028.jpg,L,690,688,903,1,720,283
COMP-0462,comp-1-97-ans-p028.jpg,L,905,903,1087,1,720,249
COMP-0463,comp-1-97-ans-p028.jpg,L,1089,1087,1121,1,720,102
COMP-0464,comp-1-97-ans-p028.jpg,L,1123,1121,1156,1,720,103
COMP-0465,comp-1-97-ans-p028.jpg,L,1158,1156,1245,2,720,310
COMP-0466,comp-1-97-ans-p028.jpg,R,217,215,251,1,720,104
COMP-0467,comp-1-97-ans-p028.jpg,R,253,251,287,1,720,104
COMP-0468,comp-1-97-ans-p028.jpg,R,289,287,323,1,720,104
COMP-0469,comp-1-97-ans-p028.jpg,R,325,323,359,1,720,104
COMP-0470,comp-1-97-ans-p028.jpg,R,361,359,396,1,720,105
COMP-0471,comp-1-97-ans-p028.jpg,R,398,396,431,1,720,103
COMP-0472,comp-1-97-ans-p028.jpg,R,433,431,468,1,720,105
COMP-0473,comp-1-97-ans-p028.jpg,R,470,468,505,1,720,105
COMP-0474,comp-1-97-ans-p028.jpg,R,507,505,543,1,720,106
COMP-0475,comp-1-97-ans-p028.jpg,R,545,543,578,1,720,103
COMP-0476,comp-1-97-ans-p028.jpg,R,580,578,795,1,720,285
COMP-0477,comp-1-97-ans-p028.jpg,R,797,795,831,1,720,104
COMP-0478,comp-1-97-ans-p028.jpg,R,833,831,940,1,720,177
COMP-0479,comp-1-97-ans-p028.jpg,R,942,940,1245,2,720,703
COMP-0480,comp-1-97-ans-p029.jpg,L,357,355,813,1,720,526
COMP-0481,comp-1-97-ans-p029.jpg,L,815,813,1245,2,720,748
COMP-0482,comp-1-97-ans-p029.jpg,R,286,284,637,1,720,421
COMP-0483,comp-1-97-ans-p029.jpg,R,639,637,1245,2,720,750
COMP-0484,comp-1-97-ans-p030.jpg,L,316,314,349,1,720,103
COMP-0485,comp-1-97-ans-p030.jpg,L,351,349,384,1,720,103
COMP-0486,comp-1-97-ans-p030.jpg,L,386,384,421,1,720,105
COMP-0487,comp-1-97-ans-p030.jpg,L,423,421,528,1,720,175
COMP-0488,comp-1-97-ans-p030.jpg,L,530,528,634,1,720,174
COMP-0489,comp-1-97-ans-p030.jpg,L,636,634,711,1,720,145
COMP-0490,comp-1-97-ans-p030.jpg,L,713,711,741,1,720,98
COMP-0491,comp-1-97-ans-p030.jpg,L,743,741,776,1,720,103
COMP-0492,comp-1-97-ans-p030.jpg,L,778,776,919,1,720,211
COMP-0493,comp-1-97-ans-p030.jpg,L,921,919,953,1,720,102
COMP-0494,comp-1-97-ans-p030.jpg,L,955,953,988,1,720,103
COMP-0495,comp-1-97-ans-p030.jpg,L,990,988,1023,1,720,103
COMP-0496,comp-1-97-ans-p030.jpg,L,1025,1023,1060,1,720,105
COMP-0497,comp-1-97-ans-p030.jpg,L,1062,1060,1095,1,720,103
COMP-0498,comp-1-97-ans-p030.jpg,L,1097,1095,1245,2,720,424
COMP-0499,comp-1-97-ans-p030.jpg,R,281,279,316,1,720,104
COMP-0500,comp-1-97-ans-p030.jpg,R,318,316,351,1,720,103
COMP-0501,comp-1-97-ans-p030.jpg,R,353,351,387,1,720,104
COMP-0502,comp-1-97-ans-p030.jpg,R,389,387,423,1,720,104
COMP-0503,comp-1-97-ans-p030.jpg,R,425,423,601,1,720,246
COMP-0504,comp-1-97-ans-p030.jpg,R,603,601,705,1,720,172
COMP-0505,comp-1-97-ans-p030.jpg,R,707,705,850,1,720,212
COMP-0506,comp-1-97-ans-p030.jpg,R,852,850,991,1,720,209
COMP-0507,comp-1-97-ans-p030.jpg,R,993,991,1098,1,720,175
COMP-0508,comp-1-97-ans-p030.jpg,R,1100,1098,1245,2,720,296
COMP-0509,comp-1-97-ans-p031.jpg,L,105,103,137,1,720,102
COMP-0510,comp-1-97-ans-p031.jpg,L,139,137,175,1,720,106
COMP-0511,comp-1-97-ans-p031.jpg,L,177,175,319,1,720,212
COMP-0512,comp-1-97-ans-p031.jpg,L,321,319,429,1,720,178
COMP-0513,comp-1-97-ans-p031.jpg,L,431,429,466,1,720,105
COMP-0514,comp-1-97-ans-p031.jpg,L,468,466,645,1,720,247
COMP-0515,comp-1-97-ans-p031.jpg,L,647,645,751,1,720,174
COMP-0516,comp-1-97-ans-p031.jpg,L,753,751,789,1,720,105
COMP-0517,comp-1-97-ans-p031.jpg,L,791,789,825,1,720,104
COMP-0518,comp-1-97-ans-p031.jpg,L,827,825,861,1,720,104
COMP-0519,comp-1-97-ans-p031.jpg,L,863,861,897,1,720,104
COMP-0520,comp-1-97-ans-p031.jpg,L,899,897,932,1,720,103
COMP-0521,comp-1-97-ans-p031.jpg,L,934,932,1039,1,720,175
COMP-0522,comp-1-97-ans-p031.jpg,L,1041,1039,1111,1,720,140
COMP-0523,comp-1-97-ans-p031.jpg,L,1113,1111,1245,2,720,238
COMP-0524,comp-1-97-ans-p031.jpg,R,66,64,175,1,720,179
COMP-0525,comp-1-97-ans-p031.jpg,R,177,175,210,1,720,103
COMP-0526,comp-1-97-ans-p031.jpg,R,212,210,248,1,720,106
COMP-0527,comp-1-97-ans-p031.jpg,R,250,248,285,1,720,105
COMP-0528,comp-1-97-ans-p031.jpg,R,287,285,320,1,720,103
COMP-0529,comp-1-97-ans-p031.jpg,R,322,320,357,1,720,105
COMP-0530,comp-1-97-ans-p031.jpg,R,359,357,391,1,720,102
COMP-0531,comp-1-97-ans-p031.jpg,R,393,391,429,1,720,105
COMP-0532,comp-1-97-ans-p031.jpg,R,431,429,463,1,720,102
COMP-0533,comp-1-97-ans-p031.jpg,R,465,463,501,1,720,104
COMP-0534,comp-1-97-ans-p031.jpg,R,503,501,538,1,720,105
COMP-0535,comp-1-97-ans-p031.jpg,R,540,538,575,1,720,105
COMP-0536,comp-1-97-ans-p031.jpg,R,577,575,610,1,720,103
COMP-0537,comp-1-97-ans-p031.jpg,R,612,610,647,1,720,105
COMP-0538,comp-1-97-ans-p031.jpg,R,649,647,754,1,720,175
COMP-0539,comp-1-97-ans-p031.jpg,R,756,754,1245,2,720,976
COMP-0540,comp-1-97-ans-p032.jpg,L,465,463,1245,2,720,874
COMP-0541,comp-1-97-ans-p032.jpg,R,465,463,1245,2,720,1147
COMP-0542,comp-1-97-ans-p033.jpg,L,321,319,462,1,720,211
COMP-0543,comp-1-97-ans-p033.jpg,L,464,462,641,1,720,247
COMP-0544,comp-1-97-ans-p033.jpg,L,643,641,887,1,720,314
COMP-0545,comp-1-97-ans-p033.jpg,L,889,887,925,1,720,106
COMP-0546,comp-1-97-ans-p033.jpg,L,927,925,1068,1,720,211
COMP-0547,comp-1-97-ans-p033.jpg,L,1070,1068,1175,1,720,175
COMP-0548,comp-1-97-ans-p033.jpg,L,1177,1175,1245,2,720,463
COMP-0549,comp-1-97-ans-p033.jpg,R,361,359,609,1,720,318
COMP-0550,comp-1-97-ans-p033.jpg,R,611,609,823,1,720,282
COMP-0551,comp-1-97-ans-p033.jpg,R,825,823,858,1,720,103
COMP-0552,comp-1-97-ans-p033.jpg,R,860,858,999,1,720,209
COMP-0553,comp-1-97-ans-p033.jpg,R,1001,999,1245,2,720,337
COMP-0554,comp-1-97-ans-p034.jpg,L,74,72,322,1,720,318
COMP-0555,comp-1-97-ans-p034.jpg,L,324,322,536,1,720,282
COMP-0556,comp-1-97-ans-p034.jpg,L,538,536,823,1,720,355
COMP-0557,comp-1-97-ans-p034.jpg,L,825,823,999,1,720,244
COMP-0558,comp-1-97-ans-p034.jpg,L,1001,999,1034,1,720,103
COMP-0559,comp-1-97-ans-p034.jpg,L,1036,1034,1245,2,720,307
COMP-0560,comp-1-97-ans-p034.jpg,R,73,71,284,1,720,281
COMP-0561,comp-1-97-ans-p034.jpg,R,286,284,463,1,720,247
COMP-0562,comp-1-97-ans-p034.jpg,R,465,463,677,1,720,282
COMP-0563,comp-1-97-ans-p034.jpg,R,679,677,855,1,720,246
COMP-0564,comp-1-97-ans-p034.jpg,R,857,855,1032,1,720,245
COMP-0565,comp-1-97-ans-p034.jpg,R,1034,1032,1175,1,720,211
COMP-0566,comp-1-97-ans-p034.jpg,R,1177,1175,1245,2,720,270
COMP-0567,comp-1-97-ans-p035.jpg,L,156,154,298,1,720,212
COMP-0568,comp-1-97-ans-p035.jpg,L,300,298,475,1,720,245
COMP-0569,comp-1-97-ans-p035.jpg,L,477,475,759,1,720,352
COMP-0570,comp-1-97-ans-p035.jpg,L,761,759,936,1,720,245
COMP-0571,comp-1-97-ans-p035.jpg,L,938,936,1151,1,720,283
COMP-0572,comp-1-97-ans-p035.jpg,L,1153,1151,1245,2,720,260
COMP-0573,comp-1-97-ans-p035.jpg,R,122,120,228,1,720,176
COMP-0574,comp-1-97-ans-p035.jpg,R,230,228,335,1,720,175
COMP-0575,comp-1-97-ans-p035.jpg,R,337,335,370,1,720,103
COMP-0576,comp-1-97-ans-p035.jpg,R,372,370,439,1,720,137
COMP-0577,comp-1-97-ans-p035.jpg,R,441,439,652,1,720,280
COMP-0578,comp-1-97-ans-p035.jpg,R,654,652,791,1,720,207
COMP-0579,comp-1-97-ans-p035.jpg,R,793,791,863,1,720,140
COMP-0580,comp-1-97-ans-p035.jpg,R,865,863,972,1,720,177
COMP-0581,comp-1-97-ans-p035.jpg,R,974,972,1152,1,720,248
COMP-0582,comp-1-97-ans-p035.jpg,R,1154,1152,1188,1,720,104
COMP-0583,comp-1-97-ans-p035.jpg,R,1190,1188,1245,2,720,298
COMP-0584,comp-1-97-ans-p036.jpg,L,217,215,252,1,720,105
COMP-0585,comp-1-97-ans-p036.jpg,L,254,252,288,1,720,104
COMP-0586,comp-1-97-ans-p036.jpg,L,290,288,324,1,720,104
COMP-0587,comp-1-97-ans-p036.jpg,L,326,324,468,1,720,212
COMP-0588,comp-1-97-ans-p036.jpg,L,470,468,609,1,720,209
COMP-0589,comp-1-97-ans-p036.jpg,L,611,609,647,1,720,105
COMP-0590,comp-1-97-ans-p036.jpg,L,649,647,895,1,720,316
COMP-0591,comp-1-97-ans-p036.jpg,L,897,895,1037,1,720,210
COMP-0592,comp-1-97-ans-p036.jpg,L,1039,1037,1071,1,720,102
COMP-0593,comp-1-97-ans-p036.jpg,L,1073,1071,1105,1,720,102
COMP-0594,comp-1-97-ans-p036.jpg,L,1107,1105,1245,2,720,238
COMP-0595,comp-1-97-ans-p036.jpg,R,73,71,322,1,720,319
COMP-0596,comp-1-97-ans-p036.jpg,R,324,322,431,1,720,177
COMP-0597,comp-1-97-ans-p036.jpg,R,433,431,680,1,720,317
COMP-0598,comp-1-97-ans-p036.jpg,R,682,680,751,1,720,139
COMP-0599,comp-1-97-ans-p036.jpg,R,753,751,895,1,720,211
COMP-0600,comp-1-97-ans-p036.jpg,R,897,895,929,1,720,102
COMP-0601,comp-1-97-ans-p036.jpg,R,931,929,1245,1,720,384
COMP-0602,comp-1-97-ans-p037.jpg,R,83,81,223,1,720,210
COMP-0603,comp-1-97-ans-p037.jpg,R,225,223,399,1,720,244
COMP-0604,comp-1-97-ans-p037.jpg,R,401,399,435,1,720,104
COMP-0605,comp-1-97-ans-p037.jpg,R,437,435,575,1,720,208
COMP-0606,comp-1-97-ans-p037.jpg,R,577,575,610,1,720,103
COMP-0607,comp-1-97-ans-p037.jpg,R,612,610,1000,1,720,458
COMP-0608,comp-1-97-ans-p037.jpg,R,1002,1000,1037,1,720,105
COMP-0609,comp-1-97-ans-p037.jpg,R,1039,1037,1245,2,720,333
COMP-0610,comp-1-97-ans-p038.jpg,L,105,103,282,1,720,247
COMP-0611,comp-1-97-ans-p038.jpg,L,284,282,426,1,720,212
COMP-0612,comp-1-97-ans-p038.jpg,L,428,426,463,1,720,105
COMP-0613,comp-1-97-ans-p038.jpg,L,465,463,713,1,720,318
COMP-0614,comp-1-97-ans-p038.jpg,L,715,713,855,1,720,210
COMP-0615,comp-1-97-ans-p038.jpg,L,857,855,889,1,720,102
COMP-0616,comp-1-97-ans-p038.jpg,L,891,889,1032,1,720,210
COMP-0617,comp-1-97-ans-p038.jpg,L,1034,1032,1245,2,720,309
COMP-0618,comp-1-97-ans-p038.jpg,R,70,68,103,1,720,103
COMP-0619,comp-1-97-ans-p038.jpg,R,105,103,210,1,720,175
COMP-0620,comp-1-97-ans-p038.jpg,R,212,210,388,1,720,246
COMP-0621,comp-1-97-ans-p038.jpg,R,390,388,495,1,720,175
COMP-0622,comp-1-97-ans-p038.jpg,R,497,495,674,1,720,246
COMP-0623,comp-1-97-ans-p038.jpg,R,676,674,711,1,720,104
COMP-0624,comp-1-97-ans-p038.jpg,R,713,711,746,1,720,103
COMP-0625,comp-1-97-ans-p038.jpg,R,748,746,1069,1,720,390
COMP-0626,comp-1-97-ans-p038.jpg,R,1071,1069,1245,2,720,308
COMP-0627,comp-1-97-ans-p039.jpg,L,89,87,123,1,720,104
COMP-0628,comp-1-97-ans-p039.jpg,L,125,123,159,1,720,104
COMP-0629,comp-1-97-ans-p039.jpg,L,161,159,194,1,720,103
COMP-0630,comp-1-97-ans-p039.jpg,L,196,194,229,1,720,103
COMP-0631,comp-1-97-ans-p039.jpg,L,231,229,479,1,720,318
COMP-0632,comp-1-97-ans-p039.jpg,L,481,479,688,1,720,277
COMP-0633,comp-1-97-ans-p039.jpg,L,690,688,935,1,720,315
COMP-0634,comp-1-97-ans-p039.jpg,L,937,935,967,1,720,100
COMP-0635,comp-1-97-ans-p039.jpg,L,969,967,1076,1,720,176
COMP-0636,comp-1-97-ans-p039.jpg,L,1078,1076,1245,2,720,275
COMP-0637,comp-1-97-ans-p039.jpg,R,89,87,121,1,720,102
COMP-0638,comp-1-97-ans-p039.jpg,R,123,121,228,1,720,175
COMP-0639,comp-1-97-ans-p039.jpg,R,230,228,264,1,720,104
COMP-0640,comp-1-97-ans-p039.jpg,R,266,264,300,1,720,104
COMP-0641,comp-1-97-ans-p039.jpg,R,302,300,442,1,720,210
COMP-0642,comp-1-97-ans-p039.jpg,R,444,442,477,1,720,103
COMP-0643,comp-1-97-ans-p039.jpg,R,479,477,512,1,720,103
COMP-0644,comp-1-97-ans-p039.jpg,R,514,512,617,1,720,173
COMP-0645,comp-1-97-ans-p039.jpg,R,619,617,653,1,720,104
COMP-0646,comp-1-97-ans-p039.jpg,R,655,653,688,1,720,103
COMP-0647,comp-1-97-ans-p039.jpg,R,690,688,794,1,720,174
COMP-0648,comp-1-97-ans-p039.jpg,R,796,794,829,1,720,103
COMP-0649,comp-1-97-ans-p039.jpg,R,831,829,968,1,720,207
COMP-0650,comp-1-97-ans-p039.jpg,R,970,968,1004,1,720,104
COMP-0651,comp-1-97-ans-p039.jpg,R,1006,1004,1144,1,720,208
COMP-0652,comp-1-97-ans-p039.jpg,R,1146,1144,1178,1,720,102
COMP-0653,comp-1-97-ans-p039.jpg,R,1180,1178,1245,2,720,266
COMP-0654,comp-1-97-ans-p040.jpg,L,155,153,192,1,720,106
COMP-0655,comp-1-97-ans-p040.jpg,L,194,192,229,1,720,105
COMP-0656,comp-1-97-ans-p040.jpg,L,231,229,265,1,720,104
COMP-0657,comp-1-97-ans-p040.jpg,L,267,265,303,1,720,106
COMP-0658,comp-1-97-ans-p040.jpg,L,305,303,340,1,720,105
COMP-0659,comp-1-97-ans-p040.jpg,L,342,340,377,1,720,105
COMP-0660,comp-1-97-ans-p040.jpg,L,379,377,415,1,720,106
COMP-0661,comp-1-97-ans-p040.jpg,L,417,415,450,1,720,103
COMP-0662,comp-1-97-ans-p040.jpg,L,452,450,487,1,720,105
COMP-0663,comp-1-97-ans-p040.jpg,L,489,487,525,1,720,106
COMP-0664,comp-1-97-ans-p040.jpg,L,527,525,562,1,720,105
COMP-0665,comp-1-97-ans-p040.jpg,L,564,562,599,1,720,105
COMP-0666,comp-1-97-ans-p040.jpg,L,601,599,1010,1,720,479
COMP-0667,comp-1-97-ans-p040.jpg,L,1012,1010,1245,2,720,327
COMP-0668,comp-1-97-ans-p040.jpg,R,85,83,375,1,720,360
COMP-0669,comp-1-97-ans-p040.jpg,R,377,375,560,1,720,253
COMP-0670,comp-1-97-ans-p040.jpg,R,562,560,599,1,720,107
COMP-0671,comp-1-97-ans-p040.jpg,R,601,599,933,1,720,402
COMP-0672,comp-1-97-ans-p040.jpg,R,935,933,1159,1,720,294
COMP-0673,comp-1-97-ans-p040.jpg,R,1161,1159,1193,1,720,102
COMP-0674,comp-1-97-ans-p040.jpg,R,1195,1193,1245,1,720,118
COMP-0675,comp-1-97-ans-p041.jpg,L,45,43,79,1,720,104
COMP-0676,comp-1-97-ans-p041.jpg,L,81,79,116,1,720,105
COMP-0677,comp-1-97-ans-p041.jpg,L,118,116,151,1,720,103
COMP-0678,comp-1-97-ans-p041.jpg,L,153,151,190,1,720,106
COMP-0679,comp-1-97-ans-p041.jpg,L,192,190,226,1,720,104
COMP-0680,comp-1-97-ans-p041.jpg,L,228,226,263,1,720,105
COMP-0681,comp-1-97-ans-p041.jpg,L,265,263,410,1,720,215
COMP-0682,comp-1-97-ans-p041.jpg,L,412,410,448,1,720,106
COMP-0683,comp-1-97-ans-p041.jpg,L,450,448,484,1,720,104
COMP-0684,comp-1-97-ans-p041.jpg,L,486,484,521,1,720,105
COMP-0685,comp-1-97-ans-p041.jpg,L,523,521,557,1,720,104
COMP-0686,comp-1-97-ans-p041.jpg,L,559,557,887,1,720,398
COMP-0687,comp-1-97-ans-p041.jpg,L,889,887,922,1,720,103
COMP-0688,comp-1-97-ans-p041.jpg,L,924,922,959,1,720,105
COMP-0689,comp-1-97-ans-p041.jpg,L,961,959,992,1,720,101
COMP-0690,comp-1-97-ans-p041.jpg,L,994,992,1031,1,720,106
COMP-0691,comp-1-97-ans-p041.jpg,L,1033,1031,1067,1,720,104
COMP-0692,comp-1-97-ans-p041.jpg,L,1069,1067,1103,1,720,104
COMP-0693,comp-1-97-ans-p041.jpg,L,1105,1103,1138,1,720,103
COMP-0694,comp-1-97-ans-p041.jpg,L,1140,1138,1175,1,720,104
COMP-0695,comp-1-97-ans-p041.jpg,L,1177,1175,1245,1,720,138
COMP-0696,comp-1-97-ans-p041.jpg,R,45,43,188,1,720,213
COMP-0697,comp-1-97-ans-p041.jpg,R,190,188,335,1,720,215
COMP-0698,comp-1-97-ans-p041.jpg,R,337,335,519,1,720,252
COMP-0699,comp-1-97-ans-p041.jpg,R,521,519,556,1,720,105
COMP-0700,comp-1-97-ans-p041.jpg,R,558,556,592,1,720,104
COMP-0701,comp-1-97-ans-p041.jpg,R,594,592,703,1,720,179
COMP-0702,comp-1-97-ans-p041.jpg,R,705,703,959,1,720,324
COMP-0703,comp-1-97-ans-p041.jpg,R,961,959,1179,1,720,288
COMP-0704,comp-1-97-ans-p041.jpg,R,1181,1179,1245,2,720,475
COMP-0705,comp-1-97-ans-p042.jpg,L,393,391,1245,2,720,599
COMP-0706,comp-1-97-ans-p042.jpg,R,73,71,317,1,720,314
COMP-0707,comp-1-97-ans-p042.jpg,R,319,317,460,1,720,211
COMP-0708,comp-1-97-ans-p042.jpg,R,462,460,532,1,720,140
COMP-0709,comp-1-97-ans-p042.jpg,R,534,532,1245,1,720,781
COMP-0710,comp-1-97-ans-p043.jpg,R,79,77,1245,1,720,1211
